id,ident,type,name,latitude_deg,longitude_deg,elevation_ft,continent,iso_country,iso_region,municipality,scheduled_service,icao_code,iata_code,gps_code,local_code,home_link,wikipedia_link,keywords
6604,01MA,heliport,Compaq Andover Heliport,42.625099182128906,-71.18009948730469,140,NA,US,US-MA,Andover,no,,,01MA,01MA,,,
6660,02MA,heliport,Cuttyhunk Heliport,41.419601,-70.927002,9,NA,US,US-MA,Cuttyhunk,no,,,02MA,02MA,,,
6717,03MA,small_airport,Hadley Airport,42.393431,-72.551553,150,NA,US,US-MA,Hadley,no,,,03MA,03MA,,,
6773,04MA,small_airport,Goddard Field,42.810908,-71.140959,200,NA,US,US-MA,Haverhill,no,,,04MA,04MA,,,
6831,05MA,heliport,Bentley Heliport,42.691200256347656,-70.91230010986328,80,NA,US,US-MA,Ipswich,no,,,05MA,05MA,,,
6883,06MA,heliport,The Barn Heliport,42.69060134887695,-71.60900115966797,210,NA,US,US-MA,Pepperell,no,,,06MA,06MA,,,
6937,07MA,heliport,West Pond Heliport,41.91699981689453,-70.70950317382812,149,NA,US,US-MA,Plymouth,no,,,07MA,07MA,,,
6986,08MA,small_airport,Wormid Airport,42.29399871826172,-71.49620056152344,360,NA,US,US-MA,Southborough,no,,,08MA,08MA,,,
7037,09MA,small_airport,Kallander Field,42.304298400878906,-71.50589752197266,403,NA,US,US-MA,Southborough,no,,,09MA,09MA,,,
7302,0MA1,heliport,Massachusetts General Hospital Heliport,42.363656,-71.069142,214,NA,US,US-MA,Boston,no,,,0MA1,0MA1,,,
7303,0MA2,heliport,Healthalliance Hospital-Leominster Heliport,42.54090118408203,-71.76280212402344,450,NA,US,US-MA,Leominster,no,,,0MA2,0MA2,,,
7304,0MA3,heliport,Reh Heliport,41.786224,-71.231437,100,NA,US,US-MA,Rehoboth,no,,,0MA3,0MA3,,,
7305,0MA4,heliport,Boston Medical Center Hospital Heliport,42.333804,-71.071352,19,NA,US,US-MA,Boston,no,,,0MA4,0MA4,,,
7306,0MA5,heliport,Brockton Usar Center Heliport,42.05590057373047,-71.05590057373047,85,NA,US,US-MA,Brockton,no,,,0MA5,0MA5,,,
7307,0MA6,heliport,Wbz Heliport,42.3651008605957,-71.13259887695312,9,NA,US,US-MA,Boston,no,,,0MA6,0MA6,,,
7309,0MA9,heliport,Lleia Kyle O'Meara Heliport,42.50310134887695,-71.90840148925781,1230,NA,US,US-MA,Westminster,no,,,0MA9,0MA9,,,
7671,10MA,seaplane_base,Beaver Lake Seaplane Base,42.26259994506836,-72.30699920654297,384,NA,US,US-MA,Ware,no,,,10MA,10MA,,,
7722,11MA,small_airport,Bulljump Airport,41.80730056762695,-70.7583999633789,60,NA,US,US-MA,Wareham,no,,,11MA,11MA,,,
7773,12MA,heliport,Mellen Street Heliport,42.20709991455078,-71.44270324707031,275,NA,US,US-MA,Holliston,no,,,12MA,12MA,,,
7946,15MA,small_airport,Canapitsit Airport,41.42251,-70.909295,10,NA,US,US-MA,Gosnold,no,,,15MA,15MA,,,
7999,16MA,heliport,Lawrence General Hospital Heliport,42.709800720214844,-71.15059661865234,60,NA,US,US-MA,Lawrence,no,,,16MA,16MA,,,
8048,17MA,heliport,Long Hill Heliport,42.504798889160156,-71.77839660644531,630,NA,US,US-MA,Leominster,no,,,17MA,17MA,,,
8101,18MA,heliport,Holy Family Hospital Heliport,42.72779846191406,-71.16829681396484,202,NA,US,US-MA,Methuen,no,,,18MA,18MA,,,
8145,19MA,heliport,Waine Heliport,41.285099029541016,-70.14969635009766,80,NA,US,US-MA,Nantucket,no,,,19MA,19MA,,,
8429,1M8,small_airport,Myricks Airport,41.8391,-71.026497,71,NA,US,US-MA,Berkley,no,,,1M8,1M8,,https://en.wikipedia.org/wiki/Myricks_Airport,
8430,1MA0,heliport,Beth Israel Deaconess Hospital Plymouth Heliport,41.940135,-70.6472,122,NA,US,US-MA,Plymouth,no,,,1MA0,1MA0,,,Jordan Hospital Heliport
8431,1MA1,heliport,Deaconess Nashoba Hospital Heliport,42.576499938964844,-71.5739974975586,308,NA,US,US-MA,Ayer,no,,,1MA1,1MA1,,,
8432,1MA2,heliport,UMASS Memorial Medical Center-Univ Campus Heliport,42.2750015259,-71.7600021362,417,NA,US,US-MA,Worcester,no,,,1MA2,1MA2,,,
8433,1MA4,heliport,Wang Heliport,42.60929870605469,-71.32170104980469,104,NA,US,US-MA,Lowell,no,,,1MA4,1MA4,,,
8434,1MA5,small_airport,Unknown Field,42.27899932861328,-71.54779815673828,432,NA,US,US-MA,Southborough,no,,,1MA5,1MA5,,,
8435,1MA6,heliport,Micron Heliport,42.067901611328125,-72.74449920654297,245,NA,US,US-MA,Southwick,no,,,1MA6,1MA6,,,
8436,1MA7,heliport,Long Hill Orchard Heliport,42.4734001159668,-70.97889709472656,120,NA,US,US-MA,West Newbury,no,,,1MA7,1MA7,,,
8437,1MA8,heliport,Horizon Hill Heliport,42.419656,-71.309323,336,NA,US,US-MA,Lincoln,no,,,1MA8,1MA8,,,
8438,1MA9,heliport,Morton Hospital Heliport,41.90589904785156,-71.09420013427734,50,NA,US,US-MA,Taunton,no,,,1MA9,1MA9,,,
8797,20MA,heliport,WCVB-TV Heliport,42.304154,-71.227058,157,NA,US,US-MA,Needham,no,,,20MA,20MA,,,
8843,21MA,heliport,Advance Materials Corp Heliport,42.45539855957031,-73.20230102539062,1000,NA,US,US-MA,Pittsfield,no,,,21MA,21MA,,,
8896,22MA,heliport,Poole's Heliport,42.636199951171875,-70.61869812011719,45,NA,US,US-MA,Rockport,no,,,22MA,22MA,,,
8951,23MA,heliport,Westford Regency Heliport,42.5630989074707,-71.431396484375,255,NA,US,US-MA,Westford,no,,,23MA,23MA,,,
9009,24MA,heliport,Barre-Bassett Heliport,42.4359016418457,-72.0967025756836,900,NA,US,US-MA,Barre,no,,,24MA,24MA,,,
9061,25MA,heliport,High School Heliport,42.20560073852539,-71.44139862060547,265,NA,US,US-MA,Holliston,no,,,25MA,25MA,,,
9109,26MA,small_airport,Pepperell Airport,42.69620132446289,-71.55010223388672,176,NA,US,US-MA,Pepperell,no,,,26MA,26MA,,,
9158,27MA,seaplane_base,Wamsetto Seaplane Base,41.82059860229492,-71.11470031738281,,NA,US,US-MA,Berkley,no,,,27MA,27MA,,,
9207,28M,small_airport,Cranland Airport,42.025101,-70.838097,71,NA,US,US-MA,Hanson,no,,,28M,28M,,https://en.wikipedia.org/wiki/Cranland_Airport,
9208,28MA,small_airport,Cannizzaro Field,42.078238,-72.818792,250,NA,US,US-MA,Southwick,no,,,28MA,28MA,,,
9256,29MA,heliport,Laminated Heliport,42.201499938964844,-72.59809875488281,135,NA,US,US-MA,Holyoke,no,,,29MA,29MA,,,
9327,2B1,small_airport,Cape Cod Airport,41.685299,-70.402298,103,NA,US,US-MA,Marston Mills,no,,,2B1,2B1,,https://en.wikipedia.org/wiki/Cape_Cod_Airfield,
9328,2B2,small_airport,Plum Island Airport,42.795898,-70.841202,11,NA,US,US-MA,Newburyport,no,,,2B2,2B2,,https://en.wikipedia.org/wiki/Plum_Island_Airport,
9531,2MA2,heliport,Digital Heliport,42.326499938964844,-71.40950012207031,450,NA,US,US-MA,Hudson,no,,,2MA2,2MA2,,,
9532,2MA3,heliport,Rider Heliport,42.66429901123047,-70.83979797363281,40,NA,US,US-MA,Ipswich,no,,,2MA3,2MA3,,,
9533,2MA4,heliport,Compaq Littleton Heliport,42.54930114746094,-71.47260284423828,300,NA,US,US-MA,Littleton,no,,,2MA4,2MA4,,,
9534,2MA5,heliport,Compaq Powdermill Road Heliport,42.42789840698242,-71.45760345458984,175,NA,US,US-MA,Maynard,no,,,2MA5,2MA5,,,
9535,2MA6,seaplane_base,Flynns Noquochoke Seaplane Base,41.59360122680664,-71.06529998779297,,NA,US,US-MA,Westport,no,,,2MA6,2MA6,,,
9536,2MA7,seaplane_base,Falls Pond Seaplane Base,41.95840072631836,-71.32640075683594,175,NA,US,US-MA,North Attleborough,no,,,2MA7,2MA7,,,
9537,2MA8,heliport,Compaq Stow Heliport,42.43090057373047,-71.54170227050781,250,NA,US,US-MA,Stow,no,,,2MA8,2MA8,,,
9538,2MA9,heliport,Digital Heliport,42.63930130004883,-71.22450256347656,130,NA,US,US-MA,Tewksbury,no,,,2MA9,2MA9,,,
9928,30MA,heliport,Clinton Hospital Heliport,42.42789840698242,-71.69280242919922,368,NA,US,US-MA,Clinton,no,,,30MA,30MA,,,
9969,31MA,small_airport,Norm's Field,42.26242,-72.409308,460,NA,US,US-MA,Belchertown,no,,,31MA,31MA,,,
10009,32MA,heliport,Berkshire Medical Center Heliport,42.708035,-73.110328,855,NA,US,US-MA,North Adams,no,,,32MA,32MA,,,North Adams Regional Hospital
10054,33MA,heliport,Seagate Heliport,42.55979919433594,-70.77230072021484,40,NA,US,US-MA,Manchester,no,,,33MA,33MA,,,
10099,34MA,heliport,Crowhurst Heliport,42.57630157470703,-70.73889923095703,70,NA,US,US-MA,Manchester-By-The Sea,no,,,34MA,34MA,,,
10148,35MA,heliport,Idlewide Heliport,42.55799865722656,-70.8125991821289,25,NA,US,US-MA,Beverly,no,,,35MA,35MA,,,
322293,36MA,heliport,Beth Israel Deaconess Medical Center Heliport,42.338161,-71.109107,161,NA,US,US-MA,Boston,no,,,36MA,36MA,,,
45471,37MA,heliport,Hanson Heliport,42.122778,-72.423611,400,NA,US,US-MA,Wilbraham,no,,,37MA,37MA,,,
18674,3B3,small_airport,Sterling Airport,42.4259,-71.7929,459,NA,US,US-MA,Sterling,no,,,3B3,3B3,,https://en.wikipedia.org/wiki/Sterling_Airport,
10582,3MA0,heliport,Compaq Woburn Heliport,42.50979995727539,-71.13639831542969,80,NA,US,US-MA,Woburn,no,,,3MA0,3MA0,,,
10583,3MA1,heliport,Marlborough Hospital Heliport,42.356201171875,-71.55509948730469,520,NA,US,US-MA,Marlborough,no,,,3MA1,3MA1,,,
10584,3MA2,small_airport,Baines Airport,42.316200256347656,-73.03199768066406,1160,NA,US,US-MA,Middlefield,no,,,3MA2,3MA2,,,
10585,3MA3,heliport,Seapuit Heliport,41.61149978637695,-70.41529846191406,20,NA,US,US-MA,Barnstable,no,,,3MA3,3MA3,,,
10586,3MA4,heliport,North Chatham Heliport,41.71480178833008,-69.96610260009766,10,NA,US,US-MA,Chatham,no,,,3MA4,3MA4,,,
10587,3MA5,small_airport,Westport Airport,41.543201,-71.035301,80,NA,US,US-MA,Westport,no,,,3MA5,3MA5,,,
10588,3MA6,heliport,Happy Heliport,41.58369827270508,-71.04060363769531,127,NA,US,US-MA,Dartmouth,no,,,3MA6,3MA6,,,
10590,3MA8,heliport,Sadler Hill Heliport,42.62229919433594,-70.65229797363281,125,NA,US,US-MA,Gloucester,no,,,3MA8,3MA8,,,
10591,3MA9,heliport,Marston Mills Heliport,41.64039993286133,-70.40779876708984,10,NA,US,US-MA,Marston Mills,no,,,3MA9,3MA9,,,
347511,40MA,heliport,Lowell General Hospital Heliport,42.648141,-71.34294,143,NA,US,US-MA,Lowell,no,,,40MA,40MA,,,
45470,41MA,heliport,Haney Heliport,41.590556,-70.474963,22,NA,US,US-MA,Mashpee,no,,,41MA,41MA,,,
11000,42MA,heliport,Worcester Medical Center Heliport,42.25429916381836,-71.79769897460938,469,NA,US,US-MA,Worcester,no,,,42MA,42MA,,,
11207,47MA,heliport,Devon Glen Heliport,42.6234016418457,-70.86620330810547,100,NA,US,US-MA,Hamilton,no,,,47MA,47MA,,,
11526,4MA0,heliport,Burke Heliport,42.233011,-71.358601,240,NA,US,US-MA,Sherborn,no,,,4MA0,4MA0,,,
11527,4MA1,heliport,Bangs Heliport,41.777000427246094,-70.68810272216797,30,NA,US,US-MA,Wareham,no,,,4MA1,4MA1,,,
11528,4MA2,heliport,Dow Jones Heliport,42.162899017333984,-72.55039978027344,200,NA,US,US-MA,Chicopee,no,,,4MA2,4MA2,,,
11529,4MA3,heliport,Millbury Savings/West Heliport,42.19179916381836,-71.76950073242188,393,NA,US,US-MA,Millbury,no,,,4MA3,4MA3,,,
11530,4MA4,heliport,J K L Heliport,41.621485,-71.014225,30,NA,US,US-MA,New Bedford,no,,,4MA4,4MA4,,,
11531,4MA5,heliport,World Trade Center Heliport,42.349300384521484,-71.043701171875,15,NA,US,US-MA,Boston,no,,,4MA5,4MA5,,,
11532,4MA6,heliport,Pleasant Beach Heliport,42.26258,-70.81278,20,NA,US,US-MA,Cohasset,no,,,4MA6,4MA6,,,
11533,4MA7,heliport,Ahearn Heliport,42.19150161743164,-72.45010375976562,280,NA,US,US-MA,Ludlow,no,,,4MA7,4MA7,,,
11534,4MA8,heliport,Pg Heliport,42.28089904785156,-71.03730010986328,10,NA,US,US-MA,Quincy,no,,,4MA8,4MA8,,,
11535,4MA9,heliport,Broad Street Heliport,42.09091567993164,-72.58370208740234,60,NA,US,US-MA,Springfield,no,,,4MA9,4MA9,,,
345500,51MA,heliport,BSAS #2 Heliport,42.672583,-70.622083,40,NA,US,US-MA,Rockport,no,,,51MA,51MA,,,
332085,57MA,heliport,Nantucket Cottage Hospital Helipad,41.275778,-70.101833,38,NA,US,US-MA,Nantucket,no,,,57MA,57MA,,,
12177,58MA,heliport,Boston Scientific Marlboro Heliport,42.361698150634766,-71.50890350341797,390,NA,US,US-MA,Marlboro,no,,,58MA,58MA,,,
12283,5B6,small_airport,Falmouth Airpark,41.585602,-70.540398,43,NA,US,US-MA,Falmouth,no,,,5B6,5B6,,https://en.wikipedia.org/wiki/Falmouth_Airpark,
12469,5MA0,heliport,Federal Center Heliport,42.39649963378906,-71.21620178222656,220,NA,US,US-MA,Waltham,no,,,5MA0,5MA0,,,
12470,5MA2,heliport,Fuller House Heliport,41.553199768066406,-70.5509033203125,30,NA,US,US-MA,East Falmouth,no,,,5MA2,5MA2,,,
12471,5MA3,small_airport,Pasport Airport,42.187599182128906,-72.14309692382812,1010,NA,US,US-MA,West Brookfield,no,,,5MA3,5MA3,,,
12472,5MA4,heliport,Double A Heliport,41.92449951171875,-70.76969909667969,90,NA,US,US-MA,Carver,no,,,5MA4,5MA4,,,
12473,5MA5,heliport,Southend Farm Heliport,42.190101623535156,-71.356201171875,190,NA,US,US-MA,Millis,no,,,5MA5,5MA5,,,
12474,5MA6,heliport,St. Luke's Hospital Heliport,41.626568,-70.93863,123,NA,US,US-MA,New Bedford,no,,,5MA6,5MA6,,,
12475,5MA7,heliport,Cochituate Heliport,42.30839920043945,-71.38169860839844,210,NA,US,US-MA,Natick,no,,,5MA7,5MA7,,,
12476,5MA8,seaplane_base,South Pond Seaplane Base,42.00870132446289,-72.76260375976562,225,NA,US,US-MA,Southwick,no,,,5MA8,5MA8,,,
12783,60M,small_airport,Spencer Airport,42.290501,-71.964699,1040,NA,US,US-MA,Spencer,no,,,60M,60M,,https://en.wikipedia.org/wiki/Spencer_Airport,
12784,60MA,heliport,Grandview Farm Heliport,42.73429870605469,-70.86740112304688,11,NA,US,US-MA,Rowley,no,,,60MA,60MA,,,
602288,62MA,small_airport,Field of Dreams Airport,41.850158,-71.161148,78,NA,US,US-MA,North Dighton,no,,,62MA,62MA,,,
601550,66MA,heliport,Curt Heliport,42.488611,-72.220278,770,NA,US,US-MA,Petersham,no,,,66MA,66MA,,,
533658,69MA,heliport,Monson Heliport,42.071744,-72.321186,598,NA,US,US-MA,Monson,no,,,69MA,69MA,,,
13202,6B6,small_airport,Minute Man Air Field,42.460298,-71.519031,268,NA,US,US-MA,Stow,no,,MMN,K6B6,6B6,https://minutemanairfield.com/,https://en.wikipedia.org/wiki/Minute_Man_Air_Field,
13355,6MA0,seaplane_base,Lake Gardner Seaplane Base,42.86149978637695,-70.94339752197266,87,NA,US,US-MA,Amesbury,no,,,6MA0,6MA0,,https://en.wikipedia.org/wiki/Lake_Gardner_Seaplane_Base,
13356,6MA1,heliport,Nason Hill Heliport,42.205992,-71.378855,182,NA,US,US-MA,Sherborn,no,,,6MA1,6MA1,,,
13357,6MA2,small_airport,Meadowbrook Airport,42.86009979248047,-70.99659729003906,117,NA,US,US-MA,Amesbury,no,,,6MA2,6MA2,,,
13358,6MA3,heliport,Scibelli Heliport,42.06290054321289,-72.72450256347656,225,NA,US,US-MA,Southwick,no,,,6MA3,6MA3,,,
13359,6MA4,heliport,Ferncroft Village Heliport,42.5973014831543,-70.97029876708984,200,NA,US,US-MA,Middleton,no,,,6MA4,6MA4,,,
13360,6MA5,heliport,Baystate Medical Ctr Heliport,42.1220016479,-72.6008987427,100,NA,US,US-MA,Springfield,no,,,6MA5,6MA5,,,
13361,6MA6,heliport,Cotuit Heliport,41.617045,-70.44327,43,NA,US,US-MA,Cotuit,no,,,6MA6,6MA6,,,
13362,6MA7,heliport,Quantum (Shrewsbury) Heliport,42.27289962768555,-71.69259643554688,545,NA,US,US-MA,Shrewsbury,no,,,6MA7,6MA7,,,
13363,6MA8,seaplane_base,Acushnet River Seaplane Base,41.647300720214844,-70.9175033569336,,NA,US,US-MA,New Bedford,no,,,6MA8,6MA8,,,
13364,6MA9,seaplane_base,Cuttyhunk Harbor Seaplane Base,41.423199,-70.927298,0,NA,US,US-MA,Cuttyhunk,no,,,6MA9,6MA9,,,
13655,70MA,heliport,Tobey Hospital Heliport,41.755001068115234,-70.71389770507812,86,NA,US,US-MA,Wareham,no,,,70MA,70MA,,,
14213,7MA0,heliport,Digital (Boxboro) Heliport,42.49869918823242,-71.47760009765625,210,NA,US,US-MA,Boxborough,no,,,7MA0,7MA0,,,
14214,7MA1,heliport,Digital (Box 2) Heliport,42.49340057373047,-71.543701171875,265,NA,US,US-MA,Boxborough,no,,,7MA1,7MA1,,,
45469,7MA2,seaplane_base,Craig Cove Seaplane Base,41.780556,-70.947222,53,NA,US,US-MA,East Freetown,no,,,7MA2,7MA2,,,
45473,80MA,heliport,Tew Mac Heliport,42.5975,-71.205,92,NA,US,US-MA,Tewksbury,no,,,80MA,80MA,,,
45472,85MA,heliport,Lahey Hospital Heliport,42.484749,-71.201549,241,NA,US,US-MA,Burlington,no,,,85MA,85MA,,,
516628,87MA,heliport,Miara1 Helipad,42.533408,-71.134173,97,NA,US,US-MA,Wilmington,no,,,87MA,87MA,,,
316954,8MA4,small_airport,Crow Island Airport (Pvt),42.417222,-71.494444,185,NA,US,US-MA,Stow,no,,,8MA4,8MA4,http://www.crowislandairpark.com/,https://en.wikipedia.org/wiki/Crow_Island_Airport,
15354,92MA,heliport,Ames Heliport,42.63150024,-70.86509705,64,NA,US,US-MA,Hamilton,no,,,92MA,92MA,,,
15801,9MA8,heliport,Wayne West Heliport,41.8468017578125,-70.76090240478516,90,NA,US,US-MA,Carver,no,,,9MA8,9MA8,,,
18350,K0B5,small_airport,Turners Falls Airport,42.5914,-72.522797,356,NA,US,US-MA,Montague,no,,,K0B5,0B5,http://turnersfallsairport.com/,https://en.wikipedia.org/wiki/Turners_Falls_Airport,
18452,K1B2,small_airport,Katama Airpark,41.358299,-70.524399,18,NA,US,US-MA,Edgartown,no,,,1B2,1B2,,https://en.wikipedia.org/wiki/Katama_Airpark,
18453,K1B6,small_airport,Hopedale Industrial Park Airport,42.106499,-71.510101,269,NA,US,US-MA,Hopedale,no,,,K1B6,1B6,,https://en.wikipedia.org/wiki/Hopedale_Industrial_Park_Airport,
18454,K1B9,small_airport,Mansfield Municipal Airport,42.000099182099994,-71.1968002319,122,NA,US,US-MA,Mansfield,no,,,1B9,1B9,,https://en.wikipedia.org/wiki/Mansfield_Municipal_Airport,
18672,K3B0,small_airport,Southbridge Municipal Airport,42.10089874267578,-72.03839874267578,699,NA,US,US-MA,Southbridge,no,,,K3B0,3B0,,https://en.wikipedia.org/wiki/Southbridge_Municipal_Airport,
19051,K7B2,small_airport,Northampton Airport,42.328098,-72.611397,121,NA,US,US-MA,Northampton,no,,,,7B2,http://www.northamptonairport.com/,https://en.wikipedia.org/wiki/Northampton_Airport,
19120,K8B5,small_airport,Tanner Hiller Airport,42.3564,-72.130096,584,NA,US,US-MA,Barre/Barre Plains,no,,,K8B5,8B5,,https://en.wikipedia.org/wiki/Tanner%E2%80%93Hiller_Airport,
3360,KACK,medium_airport,Nantucket Memorial Airport,41.25310135,-70.06020355,47,NA,US,US-MA,Nantucket,yes,KACK,ACK,KACK,ACK,,https://en.wikipedia.org/wiki/Nantucket_Memorial_Airport,
19300,KAQW,small_airport,Harriman and West Airport,42.6959,-73.170403,654,NA,US,US-MA,North Adams,no,,,KAQW,AQW,,https://en.wikipedia.org/wiki/Harriman-and-West_Airport,
3393,KBAF,medium_airport,Westfield-Barnes Regional Airport,42.157799,-72.715599,271,NA,US,US-MA,Westfield,no,KBAF,BAF,KBAF,BAF,,https://en.wikipedia.org/wiki/Westfield-Barnes_Regional_Airport,"Barnes Municipal Airport, Springfield"
3398,KBED,medium_airport,Laurence G Hanscom Field,42.470001,-71.289001,133,NA,US,US-MA,Bedford,yes,KBED,BED,KBED,BED,http://www.massport.com/hansc/,https://en.wikipedia.org/wiki/Hanscom_Field,Hanscom Air Force Base
3422,KBOS,large_airport,Boston Logan International Airport,42.36197,-71.0079,20,NA,US,US-MA,Boston,yes,KBOS,BOS,KBOS,BOS,http://www.massport.com/logan/,https://en.wikipedia.org/wiki/Logan_International_Airport,General Edward Lawrence Logan International Airport
3433,KBVY,medium_airport,Beverly Regional Airport,42.584202,-70.916496,107,NA,US,US-MA,Beverly / Danvers,no,KBVY,BVY,KBVY,BVY,http://www.beverlyairport.com/,https://en.wikipedia.org/wiki/Beverly_Municipal_Airport,
3444,KCEF,medium_airport,Westover Metropolitan Airport / Westover Air Reserve Base,42.194,-72.534798,241,NA,US,US-MA,Chicopee,no,,CEF,KCEF,CEF,https://westoverairport.com,https://en.wikipedia.org/wiki/Westover_Air_Reserve_Base/Metropolitan_Airport,
19547,KCQX,small_airport,Chatham Municipal Airport,41.68840026855469,-69.989501953125,68,NA,US,US-MA,Chatham,no,,,KCQX,CQX,,https://en.wikipedia.org/wiki/Chatham_Municipal_Airport,
3519,KEWB,medium_airport,New Bedford Regional Airport,41.67610168457031,-70.95690155029297,80,NA,US,US-MA,New Bedford,yes,KEWB,EWB,KEWB,EWB,,https://en.wikipedia.org/wiki/New_Bedford_Regional_Airport,
19870,KFIT,small_airport,Fitchburg Municipal Airport,42.554100036621094,-71.75900268554688,348,NA,US,US-MA,Fitchburg,no,,,KFIT,FIT,,https://en.wikipedia.org/wiki/Fitchburg_Municipal_Airport,
19879,KFMH,small_airport,Cape Cod Coast Guard Air Station,41.657899,-70.52163,131,NA,US,US-MA,Falmouth,no,KFMH,FMH,KFMH,FMH,http://www.uscg.mil/d1/airstacapecod/,https://en.wikipedia.org/wiki/Coast_Guard_Air_Station_Cape_Cod,"Otis Airforce Base, Otis Air National Guard Base"
19928,KGBR,small_airport,Walter J. Koladza Airport,42.18420029,-73.40319824,739,NA,US,US-MA,Great Barrington,no,KGBR,GBR,KGBR,GBR,http://greatbarringtonairport.com/,https://en.wikipedia.org/wiki/Walter_J._Koladza_Airport,
19935,KGDM,small_airport,Gardner Municipal Airport,42.5499992371,-72.0160980225,955,NA,US,US-MA,Gardner,no,KGDM,GDM,KGDM,GDM,,https://en.wikipedia.org/wiki/Gardner_Municipal_Airport_(Massachusetts),
19949,KGHG,small_airport,Marshfield Municipal George Harlow Field,42.097665,-70.67283,11,NA,US,US-MA,Marshfield,no,,,KGHG,GHG,,https://en.wikipedia.org/wiki/Marshfield_Municipal_Airport_(Massachusetts),3B2
3600,KHYA,medium_airport,Cape Cod Gateway Airport,41.6693,-70.280403,54,NA,US,US-MA,Hyannis,yes,KHYA,HYA,KHYA,HYA,,https://en.wikipedia.org/wiki/Barnstable_Municipal_Airport,"Barnstable, Boardman Polando"
3660,KLWM,medium_airport,Lawrence Municipal Airport,42.717201232899995,-71.1233978271,148,NA,US,US-MA,Lawrence,no,KLWM,LWM,KLWM,LWM,http://www.lawrencemunicipalairport.com/,https://en.wikipedia.org/wiki/Lawrence_Municipal_Airport_(Massachusetts),
20578,KMVY,small_airport,Martha's Vineyard Airport,41.3931007385,-70.6143035889,67,NA,US,US-MA,Martha's Vineyard,yes,KMVY,MVY,KMVY,MVY,,https://en.wikipedia.org/wiki/Martha's_Vineyard_Airport,
20763,KORE,small_airport,Orange Municipal Airport,42.570098877,-72.2885971069,555,NA,US,US-MA,Orange,no,,,KORE,ORE,http://www.flyore.com/,https://en.wikipedia.org/wiki/Orange_Municipal_Airport,
3756,KORH,medium_airport,Worcester Regional Airport,42.2673,-71.875702,1009,NA,US,US-MA,Worcester,yes,KORH,ORH,KORH,ORH,,https://en.wikipedia.org/wiki/Worcester-Metrowest-Boston_Airport,
20777,KOWD,medium_airport,Norwood Memorial Airport,42.1904983521,-71.1728973389,49,NA,US,US-MA,Norwood,no,KOWD,OWD,KOWD,OWD,http://www.ci.norwood.ma.us/Airport/Default.htm,https://en.wikipedia.org/wiki/Norwood_Memorial_Airport,
20871,KPSF,small_airport,Pittsfield Municipal Airport,42.4268,-73.2929,1188,NA,US,US-MA,Pittsfield,no,KPSF,PSF,KPSF,PSF,https://www.cityofpittsfield.org/departments/airport/index.php,https://en.wikipedia.org/wiki/Pittsfield_Municipal_Airport_(Massachusetts),
20885,KPVC,small_airport,Provincetown Municipal Airport,42.0718994141,-70.2213973999,9,NA,US,US-MA,Provincetown,no,KPVC,PVC,KPVC,PVC,,https://en.wikipedia.org/wiki/Provincetown_Municipal_Airport,
20900,KPYM,small_airport,Plymouth Municipal Airport,41.909,-70.728798,148,NA,US,US-MA,Plymouth,no,KPYM,PYM,KPYM,PYM,,https://en.wikipedia.org/wiki/Plymouth_Municipal_Airport_(Massachusetts),
21177,KTAN,small_airport,Taunton Municipal King Field,41.874401,-71.016602,43,NA,US,US-MA,Taunton,no,,,KTAN,TAN,,https://en.wikipedia.org/wiki/Taunton_Municipal_Airport,
330494,MA01,heliport,Gillette Stadium Heliport,42.088661,-71.263289,271,NA,US,US-MA,Foxborough,no,,,MA01,MA01,,,
334333,MA02,heliport,MSP GHQ Heliport,42.296594,-71.415831,203,NA,US,US-MA,Framingham,no,,,MA02,MA02,,,
569196,MA03,heliport,Sturdy Memorial Hospital Helipad,41.941784,-71.274281,177,NA,US,US-MA,Attleboro,no,,,MA03,MA03,,,
21752,MA07,small_airport,Friends Ultralightport,41.56760025024414,-71.11920166015625,131,NA,US,US-MA,Westport,no,,,MA07,MA07,,,
345683,MA09,heliport,Mojarr Heliport,42.050324,-71.890213,458,NA,US,US-MA,Dudley,no,,,MA09,MA09,,,
21753,MA10,heliport,Chambers Heliport,42.378163,-71.088552,60,NA,US,US-MA,Somerville,no,,,MA10,MA10,,,
324378,MA11,heliport,Dog Fish Bar Heliport,41.354222,-70.804756,8,NA,US,US-MA,Aquinnah,no,,,MA11,MA11,,,
21755,MA13,heliport,Nugent Heliport,42.627899169921875,-70.63780212402344,100,NA,US,US-MA,Gloucester,no,,,MA13,MA13,,,
21756,MA14,heliport,Wheeler's Point Heliport,42.6393013,-70.68029785,35,NA,US,US-MA,Gloucester,no,,,MA14,MA14,,,
21757,MA15,heliport,Pond Road Heliport,42.62839889526367,-70.64340209960938,50,NA,US,US-MA,Gloucester,no,,,MA15,MA15,,,
21758,MA16,small_airport,Marshall's Airport,42.363399505615234,-71.82170104980469,630,NA,US,US-MA,Holden,no,,,MA16,MA16,,,
21760,MA18,small_airport,Cmelak Field,42.0791015625,-73.30719757080078,980,NA,US,US-MA,Sheffield,no,,,MA18,MA18,,,
21763,MA20,heliport,Beverly Hospital Heliport,42.566200256347656,-70.87750244140625,84,NA,US,US-MA,Beverly,no,,,MA20,MA20,,,
21764,MA21,heliport,Baybank Heliport,42.481201171875,-71.20760345458984,150,NA,US,US-MA,Burlington,no,,,MA21,MA21,,,
21765,MA22,heliport,The Beat Heliport,42.315128,-71.049264,55,NA,US,US-MA,Boston,no,,,MA22,MA22,,,Boston Globe Heliport
21766,MA23,heliport,North Bay Heliport,41.62730026245117,-70.39969635009766,10,NA,US,US-MA,Osterville,no,,,MA23,MA23,,,
21768,MA25,seaplane_base,Long Pond Seaplane Base,41.73210144042969,-70.06109619140625,31,NA,US,US-MA,Brewster,no,,,MA25,MA25,,,
21769,MA26,balloonport,Balloon Port at Dingley Dell,42.120399,-72.256203,465,NA,US,US-MA,Brimfield,no,,,MA26,MA26,,,
21770,MA27,heliport,Goddard Hosp Heliport,42.1003990173,-71.0820007324,200,NA,US,US-MA,Brockton,no,,,MA27,MA27,,,
21771,MA28,heliport,Congamond Lake Heliport,42.03340148925781,-72.75980377197266,225,NA,US,US-MA,Southwick,no,,,MA28,MA28,,,
21772,MA29,heliport,Camp Edwards Heliport,41.671501,-70.564796,135,NA,US,US-MA,Bourne,no,,,MA29,MA29,,https://en.wikipedia.org/wiki/Camp_Edwards_Heliport,
21773,MA30,small_airport,Dresser Hill Airport,42.10217,-71.969118,810,NA,US,US-MA,Charlton,no,,,MA30,MA30,,,
21774,MA31,heliport,Charlton Memorial Hospital Heliport,41.709775,-71.14683,240,NA,US,US-MA,Fall River,no,,,MA31,MA31,,,
21775,MA32,heliport,Atlantic Trade Heliport,42.261199951171875,-71.76950073242188,570,NA,US,US-MA,Worcester,no,,,MA32,MA32,,,
21776,MA33,heliport,Sagamore Hill Heliport,42.64189910888672,-70.82679748535156,200,NA,US,US-MA,Ipswich,no,,,MA33,MA33,,,
21777,MA34,heliport,Moore Dogs Heliport,41.92539978027344,-70.80339813232422,110,NA,US,US-MA,Carver,no,,,MA34,MA34,,,
21778,MA35,heliport,Hat Factory Heliport,42.83509826660156,-70.93109893798828,10,NA,US,US-MA,Amesbury,no,,,MA35,MA35,,,
21779,MA36,small_airport,Snow Airport,42.666500091552734,-70.85299682617188,61,NA,US,US-MA,Ipswich,no,,,MA36,MA36,,,
21780,MA37,heliport,Falmouth Hospital Heliport,41.565101623535156,-70.62449645996094,105,NA,US,US-MA,Falmouth,no,,,MA37,MA37,,,
21781,MA38,heliport,Fitchburg Paper Company Heliport,42.57979965209961,-71.82869720458984,525,NA,US,US-MA,Fitchburg,no,,,MA38,MA38,,,
21782,MA39,heliport,Brigham & Women's Hospital Heliport,42.336382,-71.106809,200,NA,US,US-MA,Boston,no,,,MA39,MA39,,,
21783,MA40,seaplane_base,Diesel Dogs Seaplane Base,42.543399810791016,-71.96839904785156,325,NA,US,US-MA,Gardner,no,,,MA40,MA40,,,
21784,MA41,heliport,Princess Lane Heliport,42.22439956665039,-71.55970001220703,135,NA,US,US-MA,Hopkinton,no,,,MA41,MA41,,,
21785,MA42,heliport,US Coast Guard Gloucester Heliport,42.6101,-70.660004,10,NA,US,US-MA,Gloucester,no,,,MA42,MA42,,,
21786,MA43,small_airport,Morehaven Airport,42.072173,-72.899963,1120,NA,US,US-MA,Granville,no,,,MA43,MA43,,,
21787,MA44,small_airport,Trade Wind Airport,41.441799,-70.570297,43,NA,US,US-MA,Oak Bluffs,no,,,MA44,MA44,,https://en.wikipedia.org/wiki/Trade_Wind_Airport,
21788,MA45,heliport,Simmons Heliport,42.125143,-70.843835,90,NA,US,US-MA,Hanover,no,,,MA45,MA45,,,
21789,MA46,heliport,Army National Guard Heliport,42.130699157714844,-71.48419952392578,300,NA,US,US-MA,Milford,no,,,MA46,MA46,,,
21790,MA47,heliport,Chicopee Heliport,42.18259811401367,-72.5615005493164,245,NA,US,US-MA,Chicopee,no,,,MA47,MA47,,,
21791,MA48,closed,Raytheon Heliport,42.430651,-71.252556,130,NA,US,US-MA,Lexington,no,,,,,,,MA48
21792,MA49,heliport,Metro-Swift Heliport,42.54119873046875,-70.92759704589844,40,NA,US,US-MA,Peabody,no,,,MA49,MA49,,,
21793,MA50,heliport,Compaq Marlboro Heliport,42.32619857788086,-71.57620239257812,430,NA,US,US-MA,Marlboro,no,,,MA50,MA50,,,
21794,MA51,heliport,Richie's Heliport,41.63819885253906,-71.03890228271484,104,NA,US,US-MA,North Dartmouth,no,,,MA51,MA51,,,
21795,MA52,small_airport,Sids Airport,42.43817138671875,-71.47024536132812,220,NA,US,US-MA,Maynard,no,,,MA52,MA52,,,
21796,MA53,small_airport,Ware Airport,42.282001495361,-72.214797973633,483,NA,US,US-MA,Ware,no,,UWA,MA53,MA53,,https://en.wikipedia.org/wiki/Ware_Airport,
21797,MA54,heliport,B-Town Heliport,42.30009841918945,-72.42620086669922,320,NA,US,US-MA,Belchertown,no,,,MA54,MA54,,,
21798,MA55,small_airport,Muskeget Island Airport,41.334801,-70.2995,90,NA,US,US-MA,Muskeget Island,no,,,MA55,MA55,,https://en.wikipedia.org/wiki/Muskeget_Island_Airport,
21799,MA56,heliport,Boston Scientific Natick Heliport,42.30500030517578,-71.37529754638672,167,NA,US,US-MA,Natick,no,,,MA56,MA56,,,
21800,MA57,heliport,Us Property & Fiscal Office Heliport,42.28340148925781,-71.36620330810547,200,NA,US,US-MA,Natick,no,,,MA57,MA57,,,
21801,MA58,heliport,Natick Army Laboratories Heliport,42.2865243967,-71.3606858253,143,NA,US,US-MA,Natick,no,,,MA58,MA58,,,
21803,MA6,seaplane_base,Monponsett Pond Seaplane Base,42.00979995727539,-70.84310150146484,52,NA,US,US-MA,Halifax,no,,,MA6,MA6,,https://en.wikipedia.org/wiki/Monponsett_Pond_Seaplane_Base,
21804,MA60,heliport,St Luke's Hospital Heliport,41.89400100708008,-70.91500091552734,140,NA,US,US-MA,Middleborough,no,,,MA60,MA60,,,
21806,MA63,small_airport,Sherman-Private Airport,42.07400131225586,-70.79810333251953,34,NA,US,US-MA,Pembroke,no,,,MA63,MA63,,,
21807,MA64,small_airport,Pheasant Field,42.075401306152344,-70.81529998779297,40,NA,US,US-MA,Pembroke,no,,,MA64,MA64,,,
21808,MA65,seaplane_base,Island Air Service Seaplane Base,41.77180099487305,-70.87310028076172,53,NA,US,US-MA,Rochester,no,,,MA65,MA65,,,
21810,MA67,heliport,Tgp Heliport,42.03450012207031,-72.63200378417969,120,NA,US,US-MA,Agawam,no,,,MA67,MA67,,,
21811,MA68,heliport,Massachusetts Mutual Life Insurance Co Heliport,42.116209,-72.542545,206,NA,US,US-MA,Springfield,no,,,MA68,MA68,,,
21812,MA69,heliport,New England Memorial Hospital Heliport,42.451499938964844,-71.08699798583984,219,NA,US,US-MA,Stoneham,no,,,MA69,MA69,,,
21813,MA70,small_airport,Sudbury Airport,42.35089874267578,-71.42980194091797,135,NA,US,US-MA,Sudbury,no,,,MA70,MA70,,,
21814,MA71,heliport,Davna Corp Heliport,42.15510177612305,-71.38619995117188,145,NA,US,US-MA,Millis,no,,,MA71,MA71,,,
21815,MA72,small_airport,Tuckernuck Airport,41.297501,-70.260399,23,NA,US,US-MA,Tuckernuck Island,no,,,MA72,MA72,,https://en.wikipedia.org/wiki/Tuckernuck_Airport,
21817,MA74,seaplane_base,Larson's Seaplane Base,42.69150161743164,-71.41809844970703,90,NA,US,US-MA,Tyngsboro,no,,,MA74,MA74,,,
21818,MA75,small_airport,Sky Glen Airport,42.04090118408203,-71.61620330810547,260,NA,US,US-MA,Uxbridge,no,,,MA75,MA75,,,
21819,MA76,heliport,Waltham Weston Hospital & Medical Center Heliport,42.36759948730469,-71.24810028076172,75,NA,US,US-MA,Waltham,no,,,MA76,MA76,,,
21820,MA77,small_airport,Blueberry Hill Airport,42.375099182128906,-73.14759826660156,2000,NA,US,US-MA,Washington,no,,,MA77,MA77,,,
21821,MA78,seaplane_base,Russell Mill Pond Seaplane Base,41.91790008544922,-70.62779998779297,55,NA,US,US-MA,Plymouth,no,,,MA78,MA78,,,
21822,MA79,heliport,Digital Heliport,42.175899505615234,-72.72480010986328,260,NA,US,US-MA,Westfield,no,,,MA79,MA79,,,
21823,MA80,small_airport,Mundale Airport,42.121431,-72.812046,280,NA,US,US-MA,Westfield,no,,,MA80,MA80,,,
21824,MA81,heliport,Digital Heliport,42.55509948730469,-71.92559814453125,1100,NA,US,US-MA,Westminster,no,,,MA81,MA81,,,
21825,MA82,seaplane_base,Westport Seaplane Base,41.64929962158203,-71.12590026855469,131,NA,US,US-MA,Westport,no,,,MA82,MA82,,,
21826,MA83,heliport,Hubbard Regional Hospital Heliport,42.0275993347168,-71.85030364990234,510,NA,US,US-MA,Webster,no,,,MA83,MA83,,,
21827,MA84,heliport,Sprague Nr 1 Heliport,42.72090148925781,-73.2134017944336,665,NA,US,US-MA,Williamstown,no,,,MA84,MA84,,,
21828,MA85,heliport,Sprague Nr 2 Heliport,42.71950149536133,-73.2134017944336,665,NA,US,US-MA,Williamstown,no,,,MA85,MA85,,,
21829,MA86,small_airport,Kendalls Lndg Area Airport,42.5055999756,-73.0597991943,2102,NA,US,US-MA,Windsor,no,,,MA86,MA86,,,
21831,MA88,small_airport,Albert Farms Airport,42.390098571777344,-72.93090057373047,1425,NA,US,US-MA,Worthington,no,,,MA88,MA88,,,
21832,MA89,small_airport,B&B Farm Airport,42.346099853515625,-72.10389709472656,980,NA,US,US-MA,New Braintree,no,,,MA89,MA89,,,
21833,MA90,heliport,Host Hotel Heliport,42.4812048652,-71.54731392859999,280,NA,US,US-MA,Boxborough,no,,,MA90,MA90,,,
21834,MA91,heliport,Compaq Parker Street Heliport,42.418399810791016,-71.44730377197266,178,NA,US,US-MA,Maynard,no,,,MA91,MA91,,,
21835,MA92,heliport,Prospect Hill Heliport,42.39789962768555,-71.25779724121094,270,NA,US,US-MA,Waltham,no,,,MA92,MA92,,,
21836,MA93,heliport,Bay Bank Ii Heliport,42.481201171875,-71.20950317382812,148,NA,US,US-MA,Burlington,no,,,MA93,MA93,,,
21837,MA94,heliport,Parker Heliport,42.27539825439453,-71.79869842529297,520,NA,US,US-MA,Worcester,no,,,MA94,MA94,,,
21838,MA95,heliport,Bear Hole Heliport,42.12649917602539,-72.66950225830078,235,NA,US,US-MA,West Springfield,no,,,MA95,MA95,,,
21840,MA97,small_airport,Waters Airport,42.125099182128906,-71.73979949951172,700,NA,US,US-MA,Sutton,no,,,MA97,MA97,,,
21841,MA98,heliport,Anna Jaques Hospital Heliport,42.81449890136719,-70.89089965820312,100,NA,US,US-MA,Newburyport,no,,,MA98,MA98,,,
21842,MA99,heliport,Princess House Heliport,41.86119842529297,-71.10780334472656,12,NA,US,US-MA,Taunton,no,,,MA99,MA99,,,
315548,US-0273,closed,NAS Squantum,42.29772,-71.03371,,NA,US,US-MA,,no,,,,,,https://en.wikipedia.org/wiki/Naval_Air_Station_Squantum,
321938,US-0370,seaplane_base,Cape Air Seaplanes on Boston Harbor Seaplane Base,42.352502,-71.025832,,NA,US,US-MA,Boston,no,,BNH,MA87,MA87,,,
324429,US-0568,seaplane_base,Tailwind Boston Seaplane Base,42.351583,-71.024971,,NA,US,US-MA,Boston,no,,,MA17,MA17,,,
329205,US-0960,heliport,Tufts Medical Center Heliport,42.349037,-71.063223,230,NA,US,US-MA,Boston,no,,,MA66,MA66,,,
10589,US-10050,closed,Gear Plant Heliport,42.452141,-70.965432,10,NA,US,US-MA,Lynn,no,,,,,,,"3MA7, 3MA7, 3MA7"
12477,US-10392,closed,Allen's Pond Airport,41.512964,-71.029315,60,NA,US,US-MA,Westport,no,,,,,,,5MA9
12827,US-10462,closed,Shirley Airport,42.527,-71.664497,400,NA,US,US-MA,Shirley,no,,,,,,,61MA
15656,US-11001,closed,Marlboro Airport,42.343201,-71.509002,285,NA,US,US-MA,Marlboro,no,,,,,,https://en.wikipedia.org/wiki/Marlboro_Airport,"9B1, MXG, MXG"
21754,US-11616,closed,Marston Mills Seaplane Base,41.668999,-70.417503,44,NA,US,US-MA,Marstons Mills,no,,,,,,,MA12
21759,US-11617,closed,Avco/Lowell Heliport,42.615398,-71.3209,131,NA,US,US-MA,Lowell,no,,,,,,,MA17
21761,US-11618,closed,Berlin Lndg Area,42.367595,-71.641701,270,NA,US,US-MA,Berlin,no,,,,,,,MA19
21762,US-11619,closed,Merrimack Valley Seaplane Base,42.7001,-71.216202,50,NA,US,US-MA,Methuen,no,,,,,,https://en.wikipedia.org/wiki/Merrimack_Valley_Seaplane_Base,MA2
21767,US-11620,closed,Museum of Science Heliport,42.367595,-71.071702,66,NA,US,US-MA,Boston,no,,,,,,,MA24
21802,US-11621,closed,Veracka Heliport,42.045104,-71.009202,80,NA,US,US-MA,Brockton,no,,,,,,,MA59
21805,US-11622,closed,Sampson Pond Heliport,41.860401,-70.751701,167,NA,US,US-MA,Carver,no,,,,,,,MA62
21809,US-11623,closed,Wolomolopoag STOLport,42.100701,-71.207802,276,NA,US,US-MA,Sharon,no,,,,,,,MA66
21816,US-11624,closed,Oxbow Corporation Heliport,42.218201,-71.297302,270,NA,US,US-MA,Dover,no,,,,,,,MA73
21830,US-11625,closed,Horseneck Seaplane Base,41.509801,-71.038101,0,NA,US,US-MA,Westport,no,,,,,,,MA87
21839,US-11626,closed,Rent-A-Tool Heliport,42.427898,-70.984497,,NA,US,US-MA,Revere,no,,,,,,,"MA96, MA96, MA96"
29862,US-12494,closed,Fall River Airport,41.75555,-71.10907,190,NA,US,US-MA,Fall River,no,,,,,,,"KFLR, KFLR, FLR"
29882,US-12495,closed,Fort Devens Moore Army Air Field,42.571961,-71.603766,269,NA,US,US-MA,Ayer,no,,,,,,https://en.wikipedia.org/wiki/Moore_Army_Air_Field,"KAYE, KAYE, AYE"
30431,US-12509,closed,South Weymouth Naval Air Station,42.148602,-70.9394,150,NA,US,US-MA,South Weymouth,no,,,,,https://www.bracpmo.navy.mil/brac_bases/northeast/former_nas_south_weymouth.html,https://en.wikipedia.org/wiki/Naval_Air_Station_South_Weymouth,"NZW, KNZW, Shea Field"
39578,US-12515,closed,Norfolk Airport / Heenan-Menfi Memorial Airport,42.12854,-71.370277,137,NA,US,US-MA,Norfolk,no,,,,,,,"32M, MA07, Franklin-Norfolk, Norfolk, US-32M"
343775,US-3818,closed,Coast Guard Air Station Salem Seaplane Base,42.52549,-70.8695,,NA,US,US-MA,Salem,no,,,,,,,
343776,US-3819,closed,Coast Guard Air Station Ten Pound Island Seaplane Base,42.60907,-70.66116,,NA,US,US-MA,Gloucester,no,,,,,,https://en.wikipedia.org/wiki/Coast_Guard_Aviation_Station_Ten_Pound_Island,
344337,US-4052,heliport,Athol Hospital Heliport,42.58471,-72.20906,,NA,US,US-MA,Athol,no,,,,,,,
346049,US-4689,closed,Nomans Land Navy Airfield,41.25359,-70.82362,56,NA,US,US-MA,Chilmark,no,,,,,,,
346526,US-4826,heliport,Martha's Vineyard Hospital Heliport,41.459786,-70.578935,1,NA,US,US-MA,Oak Bluffs,no,,,MA62,MA62,,,
346546,US-4839,closed,A-Copy Heliport,42.20121,-71.15532,52,NA,US,US-MA,Westwood,no,,,,,,,0MA3
347874,US-5209,heliport,Emerson Hospital Heliport,42.45119,-71.37487,121,NA,US,US-MA,Concord,no,,,,,,,
347875,US-5210,closed,Millipore Heliport,42.48369,-71.27075,115,NA,US,US-MA,Bedford,no,,,,,,,
430409,US-7145,seaplane_base,Kevins Seaport Seaplane Base,42.274442,-72.599656,102,NA,US,US-MA,South Hadley,no,,,14MA,14MA,,,
7308,US-9477,closed,Textron/Everett Heliport,42.404496,-71.070602,40,NA,US,US-MA,Everett,no,,,,,,,0MA8
7830,US-9578,closed,Metropolitan Airport,42.223301,-72.311401,418,NA,US,US-MA,Palmer,no,,,,,,https://web.archive.org/web/20210805224524/https://en.wikipedia.org/wiki/Metropolitan_Airport,"13MA, PMX"
7891,US-9593,closed,Vergnani Heliport,42.049801,-72.6493,180,NA,US,US-MA,Agawam,no,,,,,,,14MA
