PWSID,dist_airport_m,dist_airport_km,dist_military_m,dist_military_km,dist_landfill_m,dist_landfill_km,dist_wwtp_m,dist_wwtp_km,dist_industrial_m,dist_industrial_km,landfills_within_1km,industrial_within_1km,landfills_within_3km,industrial_within_3km,landfills_within_5km,industrial_within_5km,landfills_within_10km,industrial_within_10km,is_groundwater,is_mwra,source_type,SITE_NAME,TOWN,num_sources,pws_name,total_samples,total_results,any_detection,ever_exceeded_federal_mcl,max_pfoa_ppt,max_pfos_ppt,num_pfas_detected,max_pfas6_sum_ppt,ever_exceeded_ma_mmcl,in_ucmr5,pfas_detected,serves_ej_community,ej_area_fraction,ej_population_overlapped,any_income,any_minority,any_english,ej_criteria_distinct
MA1004000,11201.063866502036,11.201063866502036,59144.526518087376,59.144526518087375,3176.901029648254,3.1769010296482536,4274.754505346381,4.274754505346381,4232.891414198597,4.232891414198597,0,0,0,0,2,3,9,5,1,0,GW,CHESHIRE HARBOR 4,ADAMS,3,ADAMS FIRE DISTRICT,2.0,58.0,False,False,,,0.0,10.5,False,True,0,1,0.7561958224459691,7525.0,1,0,0,1
MA1008000,4265.37835955232,4.2653783595523205,14405.411825392834,14.405411825392834,1015.4559595731772,1.0154559595731771,5189.72440128267,5.18972440128267,4427.615857515765,4.427615857515765,0,0,2,0,3,1,7,8,1,0,GW,WELL #6 (07G),AMHERST,9,AMHERST DPW  WATER DIVISION,15.0,348.0,False,False,,,0.0,10.5,False,True,0,1,0.6883918401693706,37091.0,1,1,0,2
MA1015000,2581.5815884497483,2.5815815884497484,46609.40091097321,46.60940091097321,1985.4875205357137,1.9854875205357136,1295.885805371504,1.295885805371504,204.4120737867095,0.2044120737867095,0,2,2,4,3,4,7,6,1,0,GW,SOUTH STREET GRAVEL PACKED WELL,ATHOL,6,ATHOL DPW  WATER DIVISION,4.0,116.0,False,False,,,0.0,10.5,False,True,0,1,0.2677764172699224,5804.0,1,0,0,1
MA1024000,2500.8259061332137,2.5008259061332136,15172.649442781509,15.172649442781507,3176.77769346367,3.17677769346367,1749.0911994301114,1.7490911994301113,2341.834394338157,2.3418343943381568,0,0,0,1,4,2,6,8,1,0,GW,JABISH BROOK WELLFIELD (06G),BELCHERTOWN,6,BELCHERTOWN WATER DISTRICT,4.0,116.0,False,False,,,0.0,10.5,False,True,0,0,0.0,0.0,0,0,0,0
MA1070000,4448.869800180124,4.448869800180124,48593.85833421408,48.59385833421408,2116.675552955522,2.116675552955522,2930.097393757748,2.9300973937577472,2614.494573204799,2.614494573204799,0,0,2,1,2,7,9,23,1,0,ESW,WAHCONAH FALLS ROAD WELL (01G),DALTON,4,DALTON FIRE DISTRICT,6.0,174.0,False,False,,,0.0,10.5,False,True,0,1,0.2951536844833725,3706.0,1,0,0,1
MA1074001,9062.402229443109,9.062402229443109,30827.91520059449,30.827915200594493,3165.8742857032903,3.1658742857032904,1399.963043789752,1.399963043789752,2457.398899874508,2.457398899874508,0,0,0,1,3,1,9,1,1,0,SW,CONWAY RESERVOIR (02S),DEERFIELD,3,SOUTH DEERFIELD WATER SUPPLY DISTRICT,4.0,116.0,False,False,,,0.0,10.5,False,True,0,0,0.0,0.0,0,0,0,0
MA1087000,4227.729011856203,4.227729011856203,10264.084064957658,10.26408406495766,1347.0274607024603,1.3470274607024604,1185.8059845737282,1.185805984573728,641.905971932146,0.641905971932146,0,2,2,4,7,6,16,42,1,0,GW,MALONEY WELL (07G),EASTHAMPTON,6,EASTHAMPTON WATER DEPT,8.0,232.0,False,False,,,0.0,10.5,False,True,0,1,0.216037596305497,4150.0,1,0,0,1
MA1113000,1596.1620970393535,1.5961620970393535,52539.66794259536,52.53966794259536,3247.863985645937,3.247863985645937,2247.0565208733638,2.2470565208733637,11098.867566403123,11.098867566403126,0,0,0,0,2,0,6,0,1,0,ESW,EAST MT RESERVOIR,GREAT BARRINGTON,2,GREAT BARRINGTON FIRE DIST,2.0,58.0,False,False,,,0.0,10.5,False,True,0,1,0.2860668800840981,1466.0,1,1,0,2
MA1114000,7163.706428516368,7.163706428516368,50137.34304255612,50.13734304255612,3410.2347608729647,3.4102347608729646,4305.550265837886,4.305550265837886,4126.669416929727,4.126669416929727,0,0,0,0,1,2,8,10,1,0,GW,GREEN RIVER (03S),GREENFIELD,6,GREENFIELD WATER DEPARTMENT,6.0,174.0,False,False,,,0.0,10.5,False,True,0,1,0.350009335984451,10579.0,1,1,0,2
MA1117002,2231.543594270775,2.231543594270775,15795.129410233372,15.795129410233372,2795.2637692397902,2.7952637692397904,1780.180782691445,1.780180782691445,1884.5338753603223,1.8845338753603225,0,0,1,4,2,14,10,25,1,0,GW,WELL #2  MT. WARNER,HADLEY,4,HADLEY DPW WATER DIVISION,4.0,116.0,False,False,,,0.0,10.5,False,True,0,1,6.472777462184668e-06,6571.0,1,1,0,2
MA1127000,5878.690203837258,5.878690203837258,22077.779959813288,22.077779959813288,2634.19174019161,2.6341917401916097,2886.3656993677287,2.8863656993677287,1103.6386411804572,1.103638641180457,0,0,1,1,4,10,9,22,1,0,GW,OMASTA WELL (02G),HATFIELD,3,HATFIELD WATER DEPT,8.0,232.0,True,False,,,4.0,10.5,False,True,1,0,0.0,0.0,0,0,0,0
MA1137000,4499.403207930394,4.499403207930394,4477.736802978433,4.477736802978433,2095.869985424275,2.095869985424275,3077.149249257915,3.077149249257915,1695.713479053844,1.695713479053844,0,0,2,6,3,21,22,96,0,0,ESW,MCLEAN RESERVOIR (03S),HOLYOKE,4,HOLYOKE WATER WORKS,8.0,207.0,False,False,,,0.0,10.5,False,True,0,1,0.478651003900453,30507.0,1,1,1,4
MA1150000,4527.736978362719,4.527736978362719,44267.46202252034,44.26746202252034,1460.9951144332567,1.4609951144332567,2995.1109020396825,2.9951109020396824,1725.6469261890402,1.72564692618904,0,0,2,1,7,2,13,5,0,0,SW,VANETTI RESERVOIR (02S),LEE,4,LEE WATER DEPT,4.0,116.0,False,False,,,0.0,10.5,False,True,0,1,0.096970540786856,956.0,1,0,0,1
MA1152000,6858.718670767476,6.858718670767476,55564.295084378326,55.56429508437832,3400.9780197851155,3.400978019785116,4673.464743230115,4.673464743230116,6106.146418643053,6.106146418643053,0,0,0,0,4,0,12,5,0,0,SW,LOWER ROOT RESERVOIR (01S),LENOX,2,LENOX DPW WATER DIVISION,4.0,116.0,False,False,,,0.0,10.5,False,True,0,1,0.1596306543048083,1518.0,1,0,0,1
MA1191000,4578.847920615262,4.578847920615263,19574.783438837418,19.574783438837414,1615.017084342484,1.615017084342484,731.1730936513251,0.7311730936513251,160.02476877398817,0.1600247687739881,0,2,2,5,3,8,11,11,1,0,GW,BUNYAN ROAD REPLACEMENT WELL #1,MONSON,4,MONSON WATER AND SEWER DEPT,7.0,174.0,False,False,,,0.0,10.5,False,True,0,1,0.33368516859312,1136.0,1,0,0,1
MA1192000,3011.550105485434,3.011550105485434,38329.80784058063,38.32980784058063,3317.747201964849,3.317747201964849,1701.894891438047,1.701894891438047,3904.6544680734255,3.9046544680734256,0,0,0,0,3,3,9,10,1,0,ESW,HANNEGAN BROOK WELL,MONTAGUE,4,TURNERS FALLS WATER DEPT,4.0,116.0,False,False,,,0.0,10.5,False,True,0,1,0.3126768260877736,4036.0,1,0,0,1
MA1209000,1301.6824873053376,1.3016824873053376,66903.38666168286,66.90338666168286,1493.6685580597157,1.4936685580597155,2769.576817429931,2.769576817429931,1078.3691452827388,1.0783691452827389,0,0,2,2,7,4,14,5,1,0,SW,GREYLOCK WELL (01G),NORTH ADAMS,3,NORTH ADAMS WATER DEPT,5.0,116.0,True,True,5.9,,1.0,14.4,False,True,1,1,0.8067622020638425,10728.0,1,0,0,1
MA1214000,5736.83603373447,5.736836033734471,18749.51236987444,18.74951236987444,1636.530806943987,1.636530806943987,1396.177563516985,1.3961775635169849,771.4369529527006,0.7714369529527006,0,1,1,2,5,16,15,22,1,0,SW,WEST WHATELY RESERVOIR,NORTHAMPTON,5,NORTHAMPTON WATER DEPT,9.0,232.0,False,False,,,0.0,10.5,False,True,0,1,0.2240394957811694,10076.0,1,1,0,2
MA1223000,2240.480389391588,2.240480389391588,44286.26214809471,44.28626214809472,2954.7682323468543,2.9547682323468543,2038.2998053038848,2.0382998053038848,2255.3086245517898,2.2553086245517897,0,0,1,2,3,3,8,7,1,0,GW,LAKE MATTAWA (01S),ORANGE,7,ORANGE WATER DEPT,9.0,261.0,True,False,,,1.0,13.3,False,True,1,1,0.4995747796820593,2703.0,1,0,0,1
MA1227000,5959.327047998634,5.959327047998634,18422.355064232044,18.422355064232043,336.9022411438343,0.3369022411438343,2770.138742093549,2.770138742093549,573.0612972782659,0.5730612972782659,1,1,1,5,4,8,12,10,1,0,GW,GP WELL #2 (02G),PALMER,4,PALMER WATER DISTRICT NO.1,8.0,232.0,False,False,,,0.0,10.5,False,True,0,1,0.2661098863826806,3083.0,1,0,0,1
MA1236000,2030.8566587699024,2.030856658769902,44217.52256884112,44.21752256884112,2494.213777406548,2.4942137774065483,2788.26271689155,2.78826271689155,3566.444242481143,3.566444242481144,0,0,1,0,2,1,11,26,0,0,SW,ASHLEY INTAKE RESERVOIR (03S),PITTSFIELD,6,PITTSFIELD DPU WATER DEPT,9.0,207.0,False,False,,,0.0,10.5,False,True,0,1,0.2586521733481949,21375.0,1,1,0,3
MA1275001,838.998323838402,0.838998323838402,11151.59102471064,11.15159102471064,475.2048887402137,0.4752048887402137,4892.54813030501,4.89254813030501,2131.126645266062,2.131126645266062,1,0,1,1,4,4,13,35,1,0,GW,DRY BROOK WELL #1 (04G),SOUTH HADLEY,2,SOUTH HADLEY FIRE DISTRICT #2 WATER DEPT,4.0,116.0,False,False,,,0.0,10.5,False,True,0,1,0.0895970285957622,2185.0,0,1,0,1
MA1276000,8002.324316793008,8.002324316793008,9916.859097511951,9.916859097511953,722.2932127772743,0.7222932127772743,3602.968767846487,3.602968767846487,1208.63648939253,1.20863648939253,1,0,1,1,5,2,14,22,1,0,GW,GLENDALE WELL #2,SOUTHAMPTON,1,SOUTHAMPTON WATER DEPT,4.0,116.0,False,False,,,0.0,10.5,False,True,0,0,0.0,0.0,0,0,0,0
MA1279000,742.8756847495981,0.7428756847495981,10771.019865455126,10.771019865455123,1681.1262487269582,1.6811262487269585,2515.963424395084,2.515963424395084,641.3660133160399,0.6413660133160399,0,2,1,5,2,5,6,26,1,0,GW,GREAT BROOK WELL #1,SOUTHWICK,2,SOUTHWICK WATER DEPT,8.0,232.0,False,False,,,0.0,10.5,False,True,0,0,0.0,0.0,0,0,0,0
MA1281000,1819.830793075248,1.819830793075248,8517.71796235095,8.517717962350948,2264.6997286550472,2.264699728655047,3112.533278840924,3.112533278840924,3375.6704476253817,3.3756704476253816,0,0,2,0,4,1,12,37,0,0,SW,LITTLEVILLE RESERVOIR (03S),SPRINGFIELD,6,SPRINGFIELD WATER AND SEWER COMMISSION,4.0,116.0,False,False,,,0.0,10.5,False,True,0,1,0.872270500559935,173001.0,1,1,1,5
MA1309000,314.4024614685771,0.3144024614685771,24776.430094898027,24.77643009489803,1367.6662722162098,1.3676662722162098,533.810525920789,0.533810525920789,827.4249216624543,0.8274249216624543,0,1,3,4,4,4,13,5,1,0,GW,DISMAL SWAMP WELL (03G),WARE,4,WARE WATER DEPT,4.0,116.0,True,True,4.9,7.1000000000000005,4.0,18.5,False,True,1,1,0.3760351563340907,4043.0,1,1,0,2
MA1325000,1637.8528612457787,1.6378528612457788,8425.684895024675,8.425684895024675,1642.3141082295665,1.6423141082295662,4301.844095694955,4.301844095694955,1610.955509922055,1.610955509922055,0,0,1,3,2,14,14,50,1,0,GW,GP WELL 2 (02G),WEST SPRINGFIELD,4,WEST SPRINGFIELD DPW WATER DIVISION,2.0,58.0,False,False,,,0.0,10.5,False,True,0,1,0.5457698714465015,22219.0,1,1,0,3
MA1329000,674.1846821528175,0.6741846821528175,650.0880037191284,0.6500880037191284,736.7986386473768,0.7367986386473768,1644.2858912994805,1.6442858912994804,366.5663374669572,0.3665663374669571,1,1,1,14,4,22,18,65,1,0,GW,WELL #6,WESTFIELD,9,WESTFIELD WATER DEPT,14.0,406.0,True,False,,,1.0,10.5,False,True,1,1,0.1898356896590795,15114.0,1,1,0,3
MA1337010,6813.132122232704,6.813132122232704,26168.27542958313,26.16827542958313,2271.118410074899,2.2711184100749,4508.45542397919,4.508455423979189,5694.792978305848,5.694792978305848,0,0,1,0,3,0,7,20,1,0,GW,WELL #1,WHATELY,2,WHATELY WATER DEPARTMENT,2.0,58.0,False,False,,,0.0,10.5,False,True,0,0,0.0,0.0,0,0,0,0
MA1341000,1099.9803705477373,1.0999803705477371,68841.45116177907,68.84145116177908,172.46870265329176,0.1724687026532917,884.251815950396,0.884251815950396,1178.890707934543,1.178890707934543,4,0,6,1,7,3,14,5,1,0,ESW,STETSON RD WELL #2 (02G),WILLIAMSTOWN,6,WILLIAMSTOWN WATER DEPT,6.0,174.0,False,False,,,0.0,10.5,False,True,0,1,0.1422427257213491,4750.0,1,1,0,2
MA1341010,5679.875518468827,5.679875518468827,71578.41766236979,71.57841766236979,2411.632512378462,2.411632512378462,5609.960549725321,5.60996054972532,5214.208567061856,5.214208567061856,0,0,1,0,1,0,11,2,0,0,NTNC,MT GREYLOCK REGIONAL SCHOOL,WILLIAMSTOWN,3,MT GREYLOCK REGIONAL SCHOOL,3.0,58.0,False,False,,,0.0,10.5,False,True,0,0,0.0,0.0,0,0,0,0
MA2002000,2308.850396140552,2.308850396140552,10233.973439796682,10.233973439796682,1486.6972983302833,1.4866972983302833,1488.6163517560913,1.4886163517560913,244.20445745009408,0.2442044574500941,0,3,3,9,6,14,10,31,1,0,GW,KENNEDY GP WELL #3,ACTON,26,ACTON WATER SUPPLY DISTRICT,11.0,290.0,True,True,13.4,4.9,8.0,25.6,True,True,1,1,0.1508502127042753,8538.0,0,1,0,1
MA2011004,11861.95015926012,11.861950159260122,29598.21882298327,29.598218822983267,2858.616786525241,2.858616786525241,4433.966733081324,4.433966733081324,7350.229114103722,7.350229114103723,0,0,1,0,2,0,4,2,0,0,SW,UPPER NAUKEAG LAKE,ASHBURNHAM,1,ASH/WIN JOINT WATER AUTHORITY,5.0,116.0,False,False,,,0.0,10.5,False,True,0,0,0.0,0.0,0,0,0,0
MA2017000,5031.962952215521,5.031962952215521,40383.21429424812,40.38321429424811,1280.468932027147,1.280468932027147,792.2946848801096,0.7922946848801096,199.58853716512115,0.1995885371651211,0,5,2,15,4,42,10,98,1,0,GW,GP WELL 1,AUBURN,13,"AUBURN WATER DISTRICT, MA",12.0,348.0,True,True,5.7,4.7,4.0,16.2,False,True,1,1,0.045055736228932,2089.0,1,1,0,2
MA2019000,2842.6962884505047,2.8426962884505045,2705.4558771046936,2.705455877104693,571.7838619885837,0.5717838619885837,1742.497033811372,1.742497033811372,521.595950716326,0.521595950716326,1,4,2,13,4,19,8,31,1,0,GW,GROVE POND WELL 2,AYER,7,AYER DPW  WATER DIVISION,5.0,116.0,True,False,,,3.0,10.5,False,True,1,1,0.421135013807325,5196.0,1,1,0,2
MA2019001,1695.441555470658,1.695441555470658,1516.6058186729792,1.5166058186729792,556.2014703089387,0.5562014703089387,1530.868539085474,1.530868539085474,372.3921671386058,0.3723921671386058,1,2,2,13,4,19,11,37,1,0,GW,SHABOKIN REPLACEMENT WELL,AYER,5,DEVENS  MASSDEVELOPMENT,6.0,174.0,True,False,,,2.0,10.5,False,True,1,1,0.9794550665892686,6856.0,0,1,0,1
MA2021000,1464.1812572430197,1.4641812572430195,41156.989953327975,41.15698995332797,919.4435338470072,0.9194435338470072,345.05699152442685,0.3450569915244268,9623.510164525009,9.623510164525008,1,0,2,0,2,0,6,1,1,0,GW,GP WELL #1,BARRE,4,BARRE WATER DEPARTMENT,8.0,174.0,False,False,,,0.0,10.5,False,True,0,0,0.0,0.0,0,0,0,0
MA2025000,1784.667554728224,1.7846675547282238,23229.65969531953,23.22965969531953,1145.224321488436,1.145224321488436,260.10382642971655,0.2601038264297165,892.692019636166,0.8926920196361661,0,1,2,8,4,31,12,60,1,0,GW,GP WELL #4 (WRENTHAM RD),BELLINGHAM,16,BELLINGHAM DPW  WATER  SEWER DIV.,4.0,116.0,True,True,4.3,5.0,3.0,15.8,False,True,1,1,0.169210190404623,7228.0,1,1,0,2
MA2032000,7364.23558739447,7.36423558739447,33484.06267887829,33.48406267887829,780.284161112984,0.7802841611129839,1625.3229211066644,1.6253229211066644,415.8282494206143,0.4158282494206142,1,1,2,2,4,3,9,22,1,0,GW,WELL 6  AND 6A SATELLITE (ELM ST),BLACKSTONE,7,BLACKSTONE WATER DEPARTMENT,2.0,58.0,True,True,5.7,,1.0,14.2,False,True,1,1,0.0642478109633387,1166.0,1,0,0,1
MA2039000,6241.345478042675,6.241345478042675,22593.537966111875,22.593537966111874,2153.203565847232,2.153203565847232,3698.863262217156,3.698863262217156,2063.024064948832,2.063024064948832,0,0,1,3,2,9,9,79,1,0,GW,"GP WELL 5, SE CORNER RTS 70  140",BOYLSTON,5,BOYLSTON WATER DISTRICT,3.0,87.0,True,True,6.0,,2.0,14.5,False,True,1,1,3.383209076928149e-06,4334.0,0,1,0,1
MA2064000,2547.956322924094,2.547956322924094,16672.547850963812,16.672547850963813,1662.0512603074944,1.6620512603074944,1873.1470815262928,1.8731470815262927,1496.5342713583952,1.4965342713583951,0,0,1,4,3,6,8,22,0,1,SW,WACHUSETT RESERVOIR,CLINTON,1,CLINTON WATER DEPT,4.0,116.0,False,False,,,0.0,10.5,False,True,0,1,0.6154622476913655,10782.0,1,1,0,2
MA2077000,6036.538638430334,6.036538638430334,41031.56026380044,41.03156026380044,732.3216821987653,0.7323216821987653,802.9541016290146,0.8029541016290146,2849.074151019129,2.849074151019129,1,0,1,1,3,3,6,6,1,0,GW,WEST ST. TUBULAR WELLFIELD (13 X 2.5),DOUGLAS,4,DOUGLAS WATER DEPARTMENT,2.0,58.0,False,False,,,0.0,10.5,False,True,0,0,0.0,0.0,0,0,0,0
MA2080000,1136.483455944859,1.1364834559448591,54237.291845945445,54.23729184594544,1368.415082886968,1.368415082886968,328.39534522413635,0.3283953452241363,908.9978433240644,0.9089978433240644,0,2,1,7,2,10,4,16,1,0,GW,SCHOFIELD AVENUE #5,DUDLEY,7,DUDLEY WATER DEPARTMENT,2.0,58.0,False,False,,,0.0,10.5,False,True,0,1,0.3269047554923412,6578.0,1,1,0,3
MA2080006,6482.978049251648,6.482978049251648,48507.36548473501,48.50736548473501,4214.558835065457,4.214558835065457,5262.772081182086,5.262772081182086,2300.556578082301,2.300556578082301,0,0,0,1,2,6,7,22,0,0,NTNC,SOUTHBRIDGE TOOL AND MANUFACTURING,DUDLEY,1,SOUTHBRIDGE TOOL AND MANUFACTURING,3.0,58.0,False,False,,,0.0,10.5,False,True,0,0,0.0,0.0,0,0,0,0
MA2097000,1898.0954107697935,1.8980954107697936,17692.78018326595,17.69278018326595,1709.1358664265945,1.7091358664265943,1370.4955106741886,1.3704955106741885,1530.5769283912036,1.5305769283912036,0,0,2,6,4,15,11,42,0,0,SW,OVERLOOK RESERVOIR,FITCHBURG,10,"FITCHBURG DPW, DIV. OF WATER SUPPLY",8.0,232.0,True,True,4.9,,3.0,13.4,False,True,1,1,0.6460017958945855,41763.0,1,1,1,4
MA2101000,1191.3735762472193,1.1913735762472193,20396.301625056734,20.396301625056736,724.1816463068013,0.7241816463068014,1917.0799258229329,1.9170799258229327,336.3115754999752,0.3363115754999752,1,3,2,14,3,19,17,59,1,0,GW,GP WELL 3,FRANKLIN,14,"FRANKLIN WATER DEPARTMENT, MA",15.0,406.0,True,True,4.7,5.6,5.0,16.8,False,True,1,0,0.0,0.0,0,0,0,0
MA2103000,738.6633312672869,0.7386633312672869,31282.036186597845,31.282036186597846,1705.837703219643,1.7058377032196426,938.8443048190202,0.93884430481902,727.1675830459078,0.7271675830459078,0,1,1,9,2,11,11,14,1,0,SW,COWEE POND,GARDNER,4,GARDNER WATER DEPARTMENT,6.0,174.0,False,False,,,0.0,10.5,False,True,0,1,0.7431902076760409,15633.0,1,1,0,3
MA2110000,4759.052179498243,4.759052179498243,30442.94842707007,30.44294842707007,809.1267398029694,0.8091267398029693,1270.6597025656015,1.2706597025656017,287.1250143753966,0.2871250143753965,1,1,3,8,6,15,21,92,1,0,GW,FOLLETTE ST. GRAVEL PACKED WELL #4,GRAFTON,7,GRAFTON WATER DISTRICT,9.0,232.0,True,True,6.9,6.9,5.0,20.3,True,True,1,1,0.0649002269385034,4862.0,0,1,0,1
MA2115000,5098.845599431727,5.098845599431727,10077.141037645464,10.077141037645465,2105.9174112136216,2.1059174112136216,2775.463435270638,2.775463435270638,2536.2921993390464,2.5362921993390466,0,0,1,1,2,2,9,24,1,0,GW,WHITNEY POND WELL #1,GROTON,7,GROTON WATER DEPARTMENT,4.0,116.0,True,False,,,1.0,10.5,False,True,1,0,0.0,0.0,0,0,0,0
MA2134000,2784.9573327491585,2.7849573327491584,25095.12783390205,25.09512783390205,2509.0638905861338,2.509063890586133,2552.113653339793,2.5521136533397937,1859.679503723192,1.859679503723192,0,0,1,2,1,17,7,69,1,0,GW,MUSCHOPAUGE POND,HOLDEN,7,"HOLDEN WATER DIVISION, DPW",11.0,290.0,True,True,4.9,,5.0,13.4,False,True,1,1,0.004617262030036,4831.0,1,1,0,2
MA2136000,1749.8881065742326,1.7498881065742329,11179.919453121627,11.179919453121627,1102.6090569066332,1.1026090569066331,2065.7868879184584,2.0657868879184584,606.5322054702449,0.6065322054702449,0,2,1,8,4,27,14,68,1,0,GW,BROOK STREET #6 GRAVEL PACKED WELL,HOLLISTON,7,HOLLISTON WATER DEPARTMENT,8.0,182.0,True,True,5.3,6.5,5.0,17.4,False,True,1,1,0.0810386523879916,5427.0,0,1,1,2
MA2138000,1264.8241042506202,1.26482410425062,26522.751979245404,26.522751979245403,472.17773075738825,0.4721777307573882,660.0233369951095,0.6600233369951095,1136.5143125093068,1.136514312509307,1,0,3,5,5,20,13,45,1,0,GW,GREEN ST. GP REPLACEMENT WELL #1,HOPEDALE,6,HOPEDALE WATER DEPARTMENT,4.0,116.0,True,True,6.8,4.3,4.0,17.6,False,True,1,0,0.0,0.0,0,0,0,0
MA2139000,2044.6219857471824,2.0446219857471823,15663.907800059573,15.663907800059572,1153.7310987333603,1.1537310987333604,186.35192249324007,0.1863519224932401,1593.5503997399371,1.5935503997399374,0,0,4,6,8,14,18,65,1,0,GW,GP WELL 3,HOPKINTON,8,HOPKINTON WATER DEPARTMENT,8.0,203.0,True,True,7.2,,5.0,15.7,False,True,1,1,0.119464350095539,2723.0,0,1,0,1
MA2141000,2846.2081645334474,2.846208164533448,13997.55538496148,13.997555384961482,1654.8753259365442,1.6548753259365443,2998.034135179393,2.998034135179393,506.08468918667023,0.5060846891866703,0,1,2,9,3,21,12,51,1,0,GW,CHESTNUT ST WELL  3,HUDSON,7,HUDSON WATER SUPPLY,6.0,124.0,True,False,,,1.0,10.5,False,True,1,1,0.1309587769952869,6462.0,0,1,0,1
MA2147000,2813.105198752672,2.813105198752672,12135.142602001626,12.135142602001626,439.30699296399735,0.4393069929639973,2047.438841388024,2.047438841388024,2321.2792074978206,2.321279207497821,1,0,2,2,2,5,12,22,1,0,GW,GP WELL # 1,LANCASTER,2,LANCASTER WATER DEPARTMENT,4.0,116.0,False,False,,,0.0,10.5,False,True,0,1,0.1508068208775141,3316.0,0,1,0,1
MA2151001,4324.644955703896,4.324644955703896,41574.721184197886,41.57472118419789,3275.935866693087,3.275935866693087,1524.8456775712252,1.5248456775712251,2181.9315859112985,2.1819315859112987,0,0,0,1,3,6,10,64,1,0,GW,HENSHAW POND,LEICESTER,2,CHERRY VALLEY/ ROCHDALE WATER DISTRICT,8.0,232.0,True,False,,,2.0,10.5,False,True,1,1,0.2917708502612818,6846.0,0,1,0,1
MA2153000,818.837825651583,0.818837825651583,11912.423871044228,11.912423871044227,1875.570613586824,1.875570613586824,2866.345672078122,2.866345672078122,1449.9828694704945,1.4499828694704946,0,0,1,7,4,29,11,60,1,1,SW,"S.E. WELL #160, S.E. CORNER",LEOMINSTER,11,LEOMINSTER WATER DIVISION,14.0,406.0,True,True,4.3,,1.0,12.8,False,True,1,1,0.6426059895909824,39308.0,1,1,1,4
MA2158000,1114.2739263670844,1.1142739263670844,8290.557231215424,8.290557231215423,1723.2578945497376,1.7232578945497377,1781.299505623638,1.781299505623638,240.91395450549763,0.2409139545054976,0,1,1,3,3,8,8,37,1,0,GW,REPLACEMENT WELL 2.2,LITTLETON,6,LITTLETON WATER DEPARTMENT,2.0,58.0,False,False,,,0.0,10.5,False,True,0,1,0.0140333249161866,5325.0,0,1,0,1
MA2162000,1671.0232947513446,1.6710232947513446,5450.038484596455,5.450038484596456,560.1061408469355,0.5601061408469356,2392.6808775998925,2.3926808775998927,764.2576747391795,0.7642576747391795,1,1,2,11,5,16,12,65,1,0,GW,WF# 5A LANCASTER AVE. (4 GP WELLS),LUNENBURG,8,LUNENBURG WATER DISTRICT,4.0,116.0,True,True,5.1000000000000005,,3.0,13.6,False,True,1,1,1.3492915267144275e-06,5700.0,0,1,0,1
MA2170000,1626.766279932726,1.626766279932726,18385.280830685657,18.38528083068565,2783.4757181421232,2.7834757181421232,1762.1863064529496,1.7621863064529495,982.4278524030864,0.9824278524030864,0,1,1,18,1,29,16,64,0,1,SW,MILLHAM RESERVOIR,MARLBOROUGH,2,MARLBOROUGH DPW  WATER DIV. (MWRA),5.0,116.0,False,False,,,0.0,10.5,False,True,0,1,0.6175275815910513,34932.0,1,1,1,3
MA2174000,566.7742314042595,0.5667742314042594,13550.022293542075,13.550022293542074,1205.00333156118,1.20500333156118,1647.7540482203203,1.6477540482203203,335.10957304459816,0.3351095730445981,0,1,2,5,4,9,12,34,1,0,GW,ROCK WELL 5,MAYNARD,8,"MAYNARD DPW, WATER DIVISION",7.0,174.0,True,True,7.1000000000000005,4.2,5.0,17.8,False,True,1,1,0.1074158892368531,1347.0,1,0,0,1
MA2175000,2314.2228954828984,2.3142228954828985,11500.61502444728,11.50061502444728,1050.1638157594423,1.0501638157594426,1443.3265511733937,1.4433265511733937,488.3340507036745,0.4883340507036744,0,1,3,4,3,6,16,66,1,0,GW,WELL 3R (ELM ST.),MEDFIELD,6,MEDFIELD WATER DEPT.,7.0,174.0,True,True,7.0,6.7,5.0,20.1,True,True,1,0,0.0,0.0,0,0,0,0
MA2177000,826.9092620924716,0.8269092620924716,17436.416758230906,17.436416758230905,607.4631808318053,0.6074631808318053,2389.0774140960266,2.3890774140960267,392.51185339747593,0.3925118533974759,1,1,1,2,5,6,17,59,1,0,GW,OAKLAND STREET GP WELL,MEDWAY,6,MEDWAY WATER DEPARTMENT,4.0,116.0,True,True,7.2,,4.0,15.7,False,True,1,1,7.452610119246936e-06,1413.0,0,0,1,1
MA2185000,2092.052834645422,2.092052834645422,18956.06792902326,18.95606792902326,487.1705819205088,0.4871705819205088,552.7888282807079,0.5527888282807079,316.34812136580257,0.3163481213658026,1,3,3,21,5,28,12,48,1,0,GW,CEDAR SWAMP GDW,MILFORD,13,MILFORD WATER COMPANY,7.0,149.0,True,True,7.1000000000000005,6.6,5.0,20.2,True,True,1,1,0.5860836721607151,23109.0,1,1,1,3
MA2186000,644.5359815466932,0.6445359815466931,35022.74441357997,35.022744413579964,1424.073568365773,1.424073568365773,504.2795582015876,0.5042795582015875,389.59425485108346,0.3895942548510834,0,2,2,15,6,30,16,106,1,0,GW,OAK POND WELL,MILLBURY,4,"AQUARION WATER COMPANY, MILLBURY",11.0,290.0,True,True,15.8,6.2,7.0,32.8,True,True,1,1,0.083026387789792,8815.0,1,1,0,3
MA2187000,522.9745427311623,0.5229745427311623,13453.073672265858,13.45307367226586,615.9298710146476,0.6159298710146476,1494.3430567982164,1.4943430567982163,5.416110682383709,0.0054161106823837,2,1,3,4,5,7,15,37,1,0,GW,WELL 1,MILLIS,6,MILLIS WATER DEPT,9.0,232.0,True,True,6.9,7.3,5.0,20.7,True,True,1,1,0.2260844592484248,1413.0,0,0,1,1
MA2208000,1270.874434403111,1.270874434403111,19880.47103909488,19.88047103909488,676.5270870748985,0.6765270870748985,1180.710154850837,1.180710154850837,1536.6601076564991,1.5366601076564992,2,0,3,3,6,7,16,49,1,0,GW,HOLBROOK STREET WELLFIELD,NORFOLK,5,NORFOLK WATER DIVISION,8.0,232.0,True,True,7.0,4.5,5.0,18.0,False,True,1,1,5.230045829037173e-05,1484.0,0,1,0,1
MA2208001,4271.790159897069,4.271790159897069,22584.354453972857,22.584354453972857,1975.8281414299931,1.9758281414299932,569.9420802523641,0.5699420802523641,2040.2797629366476,2.040279762936647,0,0,5,3,8,13,17,44,1,0,GW,GP WELL STATION 4     (INACTIVE STATUS ),NORFOLK,4,MCI NORFOLK/CEDAR JUNCTION/WALPOLE,2.0,58.0,False,False,,,0.0,10.5,False,True,0,1,0.1948736879131594,1484.0,0,1,0,1
MA2212000,6628.852900814749,6.628852900814749,39500.71345438764,39.50071345438764,1017.7165365550844,1.0177165365550844,2138.8262588750827,2.1388262588750826,2076.607403895478,2.076607403895478,0,0,1,1,3,1,11,7,0,0,ESW,HORSE (NORTH) POND,NORTH BROOKFIELD,2,NORTH BROOKFIELD WATER DEPARTMENT,5.0,116.0,False,False,,,0.0,10.5,False,True,0,1,0.1049189465837222,785.0,1,0,0,1
MA2215000,3345.567882345083,3.345567882345083,21982.10424502271,21.98210424502271,2263.6802600005417,2.263680260000542,1122.7386104463565,1.1227386104463564,407.0443806934549,0.4070443806934549,0,1,1,10,4,33,17,83,1,1,GW,HOWARD ST. #1,NORTHBOROUGH,6,NORTHBOROUGH WATER DEPARTMENT (MWRA),6.0,116.0,False,False,,,0.0,10.5,False,True,0,1,5.376085614957623e-08,4647.0,0,1,0,1
MA2216000,2355.855103258384,2.355855103258384,35771.55847541325,35.77155847541325,2979.990841102919,2.9799908411029192,2588.828604003216,2.588828604003216,1167.9451094827857,1.1679451094827855,0,0,1,2,4,3,11,11,1,0,GW,MEADOW POND GRAVEL PACKED WELL,NORTHBRIDGE,3,WHITINSVILLE WATER COMPANY,8.0,232.0,False,False,,,0.0,10.5,False,True,0,0,0.0,0.0,0,0,0,0
MA2226000,5241.920779532757,5.241920779532757,46913.74995926772,46.91374995926772,2790.091738069269,2.7900917380692687,1827.4981452313125,1.827498145231312,1308.0839496374774,1.3080839496374774,0,0,1,4,3,11,9,31,1,0,GW,"GP WELL 2, N. MAIN STREET",OXFORD,4,AQUARION WATER COMPANY OXFORD,7.0,174.0,True,False,,,1.0,10.5,False,True,1,1,0.1115326392443719,1142.0,1,0,0,1
MA2228000,5636.73002880124,5.6367300288012405,34660.52664675532,34.660526646755315,3036.3369753817906,3.0363369753817904,5842.686722622587,5.842686722622587,4945.032323400878,4.945032323400878,0,0,0,0,1,1,5,25,0,0,ESW,ASNEBUMSKIT POND,PAXTON,1,PAXTON WATER DEPARTMENT,5.0,116.0,True,False,,,3.0,10.5,False,True,1,1,1.965830725935238e-05,4018.0,1,1,0,2
MA2232000,941.882268846536,0.941882268846536,13778.634452633472,13.778634452633472,1000.1789413205328,1.0001789413205329,1825.8196929974767,1.8258196929974768,7086.68478579719,7.08668478579719,0,0,2,0,3,0,7,4,1,0,GW,BEMIS ROAD GP WELL 1,PEPPERELL,5,PEPPERELL DPW WATER DIVISION,5.0,145.0,True,True,11.4,10.0,2.0,27.9,True,True,1,1,0.0410209888141749,767.0,1,0,0,1
MA2257000,8790.404686211758,8.790404686211758,31015.188950997428,31.015188950997427,2777.9124786441985,2.7779124786441987,2202.3063866005714,2.202306386600571,2529.800096984345,2.5298000969843453,0,0,1,2,1,2,5,7,0,0,SW,MUSCHOPAUGE POND,RUTLAND,1,RUTLAND WATER DEPARTMENT,9.0,232.0,False,False,,,0.0,10.5,False,True,0,0,0.0,0.0,0,0,0,0
MA2270000,1043.706494165497,1.0437064941654968,1793.4255659783291,1.7934255659783291,1183.4905961460922,1.1834905961460922,1714.8576574221477,1.7148576574221477,1517.6781632526536,1.5176781632526537,0,0,2,14,5,18,13,59,1,0,GW,WALKER WELL,SHIRLEY,4,SHIRLEY WATER DISTRICT,6.0,149.0,True,True,6.9,,5.0,17.6,False,True,1,1,0.2670408402991158,6580.0,0,1,0,1
MA2270001,2029.364345860048,2.029364345860048,3028.8277414741315,3.028827741474132,3659.811282565058,3.6598112825650575,2877.558025011184,2.877558025011184,1311.2381285796337,1.3112381285796335,0,0,0,4,3,14,12,55,1,0,GW,GP WELL  2,SHIRLEY,2,MCI SHIRLEY,3.0,58.0,True,False,,,1.0,17.7,False,True,1,1,1.0,6580.0,0,1,0,1
MA2271000,2122.6549386223232,2.1226549386223232,28612.99330142801,28.61299330142801,554.1986504548165,0.5541986504548165,3095.5516209684365,3.0955516209684366,211.9968630077708,0.2119968630077707,1,2,2,19,2,40,10,107,1,0,GW,GP #6.1 HOME FARM WELL,SHREWSBURY,10,SHREWSBURY WATER DEPARTMENT,2.0,58.0,True,True,5.4,5.6,5.0,17.5,False,True,1,1,0.7186372933814951,31358.0,1,1,0,2
MA2278000,5685.893301182768,5.685893301182768,41006.87169644799,41.00687169644799,3039.765790632472,3.0397657906324715,3343.918823783628,3.343918823783628,3165.2479286257567,3.1652479286257567,0,0,0,0,2,6,8,20,0,0,SW,COHASSE BROOK RESERVOIR,SOUTHBRIDGE,5,SOUTHBRIDGE WATER DEPARTMENT,4.0,116.0,True,False,,,1.0,10.5,False,True,1,1,0.4709930323981059,15774.0,1,1,0,2
MA2280000,3562.264401870239,3.562264401870239,41870.87323573618,41.87087323573618,503.132112266353,0.503132112266353,1344.175575440283,1.3441755754402829,810.6528706012134,0.8106528706012134,2,1,2,4,3,4,9,14,1,0,GW,MEADOW ROAD WELL 2,SPENCER,4,SPENCER WATER DEPARTMENT,4.0,116.0,False,False,,,0.0,10.5,False,True,0,1,0.1646892169702564,3138.0,1,0,0,1
MA2282000,1632.1590982826935,1.6321590982826937,18767.89120166984,18.76789120166984,4423.404211791439,4.423404211791438,6957.444956638073,6.9574449566380725,401.0798175282388,0.4010798175282388,0,2,0,2,2,2,7,15,1,0,GW,GP 4 REDEMPTION ROCK TRAIL WELL,STERLING,6,STERLING WATER DEPARTMENT,4.0,116.0,True,True,,5.2,1.0,13.7,False,True,1,1,2.7130878053484965e-06,4095.0,0,1,0,1
MA2287000,4543.665545895932,4.543665545895932,37695.66545735534,37.69566545735534,5022.266232501778,5.022266232501778,987.283374447828,0.987283374447828,843.6324560708819,0.8436324560708819,0,1,0,5,0,5,10,22,1,0,GW,WELL 5,STURBRIDGE,4,STURBRIDGE WATER DEPARTMENT,8.0,232.0,False,False,,,0.0,10.5,False,True,0,0,0.0,0.0,0,0,0,0
MA2294000,2789.602390218199,2.789602390218199,34573.49239744378,34.57349239744378,1770.7313603062487,1.770731360306249,954.828844771191,0.954828844771191,803.8051369481294,0.8038051369481294,0,1,1,5,3,11,9,12,1,0,GW,SAWYER STREET GPW,TEMPLETON,4,TEMPLETON MUNIC. LIGHT AND WATER PLANT,8.0,232.0,True,True,5.2,,4.0,15.2,False,True,1,1,1.22116428434531e-10,1829.0,1,0,0,1
MA2299000,7026.811495062872,7.026811495062872,12465.15495508178,12.46515495508178,1892.0328891655145,1.8920328891655145,7842.937917197994,7.842937917197994,2101.8036703576654,2.101803670357665,0,0,3,1,4,2,8,8,1,0,GW,WITCHES BROOK WELL 2,TOWNSEND,6,TOWNSEND WATER DEPARTMENT,9.0,261.0,True,True,6.5,,3.0,15.0,False,True,1,1,0.141011325354534,990.0,1,0,0,1
MA2303000,8387.913121216847,8.387913121216847,27819.36470208761,27.819364702087608,494.1753363858437,0.4941753363858437,1176.0062651829026,1.1760062651829026,2492.597450098325,2.492597450098325,1,0,3,1,4,2,13,28,1,0,GW,MUNICIPAL WELLFIELD # 3 WELL 1,UPTON,8,UPTON DPW WATER/WASTEWATER DIVISION,6.0,174.0,False,False,,,0.0,10.5,False,True,0,0,0.0,0.0,0,0,0,0
MA2304000,727.0002703337015,0.7270002703337014,33950.639367752425,33.95063936775242,4549.972532930127,4.549972532930127,1006.8154903478588,1.006815490347859,644.9943565063214,0.6449943565063214,0,1,0,2,2,3,11,14,1,0,GW,GP WELL # 2,UXBRIDGE,7,"UXBRIDGE DPW,  WATER DIVISION",6.0,174.0,True,True,,6.7,3.0,17.1,False,True,1,0,0.0,0.0,0,0,0,0
MA2316000,2344.4825479577003,2.3444825479577003,51182.59073932312,51.18259073932312,1271.737564665952,1.271737564665952,834.2586582791736,0.8342586582791736,513.4304278914526,0.5134304278914527,0,2,1,7,2,11,2,16,1,0,GW,STATION 1 WELL #4 MEMORIAL BEACH,WEBSTER,7,WEBSTER WATER DEPARTMENT,6.0,116.0,True,True,4.4,,3.0,12.9,False,True,1,1,0.2902826999652413,10882.0,1,1,0,3
MA2321000,1892.764425808071,1.8927644258080711,22879.238030874265,22.879238030874266,761.8920730482478,0.7618920730482478,1296.57132612965,1.29657132612965,1813.5904466520349,1.813590446652035,1,0,2,4,2,9,6,51,1,0,GW,"GPW 6, PLEASANT VALLEY WELL 2",WEST BOYLSTON,4,WEST BOYLSTON WATER DISTRICT,10.0,290.0,True,True,5.4,,3.0,13.9,False,True,1,1,2.032515758656801e-07,1247.0,0,1,0,1
MA2328000,3096.428940353573,3.096428940353573,21964.220844871885,21.964220844871885,935.0502666118692,0.9350502666118692,1556.9117301407127,1.5569117301407127,304.2653917606307,0.3042653917606306,1,5,7,10,10,30,19,84,1,0,GW,ANDREWS I,WESTBOROUGH,12,WESTBOROUGH WATER DEPARTMENT,21.0,348.0,True,True,5.8,7.5,3.0,19.8,False,True,1,1,0.7107886875082234,17169.0,1,1,0,2
MA2332000,2430.1319077101566,2.4301319077101566,24547.921818322324,24.54792181832232,1177.7133852534384,1.1777133852534385,1711.3463452435465,1.7113463452435465,1513.3929384902567,1.5133929384902567,0,0,1,1,2,4,8,19,0,0,ESW,MEETINGHOUSE POND,WESTMINSTER,1,WESTMINSTER DEPARTMENT OF PUBLIC WORKS,4.0,116.0,False,False,,,0.0,10.5,False,True,0,1,1.0839978167955035e-05,4090.0,1,1,0,2
MA2348000,1690.0453726939977,1.6900453726939977,27919.780682401717,27.919780682401715,666.4408269828988,0.6664408269828987,1168.8985211031156,1.1688985211031155,322.01505339865747,0.3220150533986575,1,2,2,20,2,43,11,111,1,1,SW,KETTLE BROOK (#4) RESERVOIR NO. 4,WORCESTER,13,"WORCESTER DPWP, WATER SUPPLY DIVISION",5.0,112.0,True,False,,,1.0,10.5,False,True,1,1,0.8793657551497089,198217.0,1,1,1,5
MA3007000,1070.501027718178,1.070501027718178,50269.910255173054,50.26991025517305,3397.200424557917,3.397200424557917,3174.525945451132,3.174525945451132,2278.550093317231,2.278550093317232,0,0,0,2,5,5,7,21,1,0,GW,GP WELL  2,AMESBURY,4,AMESBURY DPW  WATER DIV.,4.0,91.0,False,False,,,0.0,10.5,False,True,0,1,0.0843142177141932,3979.0,1,0,0,1
MA3009000,1571.367339245452,1.571367339245452,21164.274446797925,21.16427444679793,2998.43022962399,2.99843022962399,4051.8533689200303,4.05185336892003,606.4395169412445,0.6064395169412445,0,2,1,8,3,20,11,92,0,0,SW,MERRIMACK RIVER,ANDOVER,3,ANDOVER WATER DEPT,5.0,116.0,True,False,,,1.0,10.5,False,True,1,1,0.0648069333008656,17385.0,1,1,1,2
MA3014000,3769.820155500761,3.769820155500761,13603.54237244958,13.60354237244958,1280.9751379463594,1.2809751379463594,2524.8748848960504,2.5248748848960503,348.87877522294343,0.3488787752229434,0,1,1,5,5,12,16,65,1,0,GW,HOWE ST. GP WELL 4,ASHLAND,6,Ashland Water & Sewer Dept.,2.0,58.0,True,False,,,1.0,10.5,False,True,1,1,0.9999702080909444,31111.0,1,1,0,2
MA3023000,1429.3189106207672,1.429318910620767,1738.2663169926468,1.7382663169926469,1783.495794014172,1.7834957940141722,1596.6021578848265,1.5966021578848262,373.9359247628476,0.3739359247628476,0,2,2,17,4,41,13,103,1,1,GW,WELL  3 (MITRE/RTE. 62 G.P. WELL),BEDFORD,10,BEDFORD WATER DEPT.,4.0,116.0,False,False,,,0.0,10.5,False,True,0,1,0.0050119471792837,4852.0,0,1,0,1
MA3031000,4851.588892593786,4.851588892593786,12259.9408342688,12.2599408342688,2888.8984714109783,2.8888984714109784,2400.9545282521112,2.4009545282521114,140.30913750395695,0.1403091375039569,0,6,1,12,3,25,13,95,0,0,SW,CONCORD RIVER,BILLERICA,1,BILLERICA WATER WORKS,4.0,116.0,True,True,5.5,,5.0,14.0,False,True,1,1,0.3248379440536079,11917.0,0,1,0,1
MA3048000,2638.919651406332,2.638919651406332,10095.246399701651,10.095246399701653,1201.5477545640197,1.2015477545640196,1422.0092670204288,1.4220092670204287,1035.7382528272128,1.0357382528272128,0,0,3,22,4,49,16,128,1,0,SW,SHAWSHEEN RIVER    BILLERICA DIV.,BURLINGTON,3,BURLINGTON WATER DEPT,9.0,232.0,True,False,,,1.0,10.5,False,True,1,1,0.5074040447884213,24264.0,0,1,0,1
MA3049000,1265.4410292179064,1.2654410292179064,5238.762419990529,5.23876241999053,907.9321143295298,0.9079321143295298,2292.2221655137537,2.2922221655137536,238.2992714961812,0.2382992714961812,1,7,5,31,7,117,22,368,0,1,SW,STONY BROOK RES.,CAMBRIDGE,4,CAMBRIDGE WATER DEPARTMENT,4.0,116.0,True,True,4.8,,3.0,13.3,False,True,1,1,0.799871907084557,136585.0,1,1,1,4
MA3056000,1150.3306613546652,1.150330661354665,13415.745667882848,13.415745667882849,859.8434435488861,0.8598434435488861,2097.421342117236,2.097421342117235,387.05470011346273,0.3870547001134627,1,3,3,20,5,43,12,87,1,0,GW,MEADOWBROOK #3 WELLFIELD,CHELMSFORD,17,CHELMSFORD WATER DISTRICT,10.0,232.0,True,True,8.9,7.2,5.0,22.6,True,True,1,1,0.2334624577551394,13405.0,0,1,0,1
MA3056002,3702.5928445946624,3.7025928445946623,19501.895508083537,19.501895508083532,1836.2489082861955,1.8362489082861952,3489.29547566791,3.48929547566791,1396.159665435171,1.3961596654351711,0,0,3,8,4,18,9,67,1,0,GW,BOMIL BEDROCK WELL #2,CHELMSFORD,7,NORTH CHELMSFORD WATER DIST,2.0,58.0,False,False,,,0.0,10.5,False,True,0,1,0.3547051435874087,10981.0,0,1,0,1
MA3067000,439.9578323952804,0.4399578323952803,4843.655377216497,4.843655377216497,1028.9754443081035,1.0289754443081036,1769.2892910168648,1.7692892910168647,1346.928350881347,1.346928350881347,0,0,3,4,6,10,15,47,1,0,GW,NAGOG POND,CONCORD,11,"CONCORD WATER DEPT, MA",12.0,319.0,True,True,6.0,,4.0,14.5,False,True,1,1,0.0074336995941293,4833.0,0,1,0,1
MA3071000,3173.409494904795,3.173409494904795,24059.432357920818,24.05943235792082,561.8432173848665,0.5618432173848665,3330.8979796837502,3.3308979796837503,953.8935584933892,0.9538935584933892,1,1,3,17,7,37,20,108,1,0,GW,SWAN POND RES.,DANVERS,7,DANVERS WATER DEPT.,8.0,145.0,True,True,,5.2,1.0,13.7,False,True,1,1,0.1110946570572335,8056.0,1,1,0,3
MA3073000,224.00561285309308,0.2240056128530931,13712.529541540029,13.712529541540029,1362.4982352665086,1.3624982352665085,1349.528517588605,1.349528517588605,361.0666902205985,0.3610666902205985,0,3,2,20,3,51,17,116,1,0,GW,WELL E2,DEDHAM,18,DEDHAM WESTWOOD WATER DIST.,8.0,232.0,True,True,6.5,5.1000000000000005,4.0,18.0,False,True,1,1,0.0953256493051157,29821.0,1,1,1,5
MA3079000,329.24811817778755,0.3292481181777875,22994.49822546543,22.99449822546543,2155.8190258884,2.1558190258884,2265.320021328276,2.265320021328276,883.1884999092791,0.8831884999092792,0,1,1,2,1,5,6,52,1,0,GW,NEW BOSTON RD. GP WELL 1,DRACUT,10,DRACUT WATER SUPPLY DISTRICT,8.0,232.0,True,True,6.1000000000000005,,3.0,14.6,False,True,1,1,0.303824136721167,19589.0,1,1,1,3
MA3100000,1792.6163339034406,1.7926163339034409,3569.625030651133,3.569625030651133,1942.5293071018564,1.9425293071018563,1687.6726125621954,1.6876726125621953,447.6170322839944,0.4476170322839943,0,1,1,5,4,31,10,63,1,1,GW,BIRCH RD. GP WELL  3,FRAMINGHAM,3,FRAMINGHAM WATER DEPT. (MWRA),5.0,116.0,False,False,,,0.0,10.5,False,True,0,1,0.7882473043295075,80049.0,1,1,1,4
MA3105000,7951.690201884512,7.951690201884512,35442.47805472794,35.442478054727935,2720.409482497156,2.720409482497156,1245.271018793684,1.2452710187936842,1681.2718376686114,1.681271837668611,0,0,1,2,3,3,8,32,1,0,GW,DUFFYS LANDING GP WELL,GEORGETOWN,5,GEORGETOWN WATER DEPARTMENT,2.0,58.0,False,False,,,0.0,10.5,False,True,0,0,0.0,0.0,0,0,0,0
MA3107000,1197.0650374961758,1.1970650374961758,48241.803310195806,48.241803310195806,2384.2569977265503,2.3842569977265504,372.5272368112664,0.3725272368112663,674.9482170242779,0.674948217024278,0,1,1,8,2,9,5,12,0,0,SW,KLONDIKE RES.,GLOUCESTER,7,GLOUCESTER PUBLIC UTILITY DIVISION,8.0,232.0,False,False,,,0.0,10.5,False,True,0,1,0.0738227534538389,7637.0,1,1,0,2
MA3116000,8115.824908795966,8.115824908795966,37831.12595779541,37.831125957795415,912.3468116348656,0.9123468116348658,1229.810524661017,1.2298105246610171,1252.3231577179413,1.2523231577179412,1,0,2,2,2,5,9,33,1,0,GW,GP WELL 4 MERRIMACK R.,GROVELAND,3,GROVELAND WATER DEPARTMENT,4.0,116.0,True,True,6.3,,4.0,14.8,False,True,1,0,0.0,0.0,0,0,0,0
MA3119000,2100.330450344809,2.100330450344809,36358.52070310054,36.35852070310054,958.453850227938,0.958453850227938,1406.8744494866564,1.4068744494866563,1970.158678663274,1.970158678663274,1,0,1,1,5,5,13,57,1,0,GW,BRIDGE ST. TUB  GP WELLS,HAMILTON,7,HAMILTON WATER DEPT,5.0,116.0,True,True,11.1,11.2,5.0,28.8,True,True,1,1,0.0739046139099788,1151.0,1,1,0,2
MA3128000,1418.0246091018191,1.4180246091018192,33121.226541316944,33.12122654131694,1988.0238527048325,1.9880238527048328,2358.743637857028,2.358743637857028,1404.8289121450623,1.4048289121450626,0,0,1,4,2,19,9,61,0,0,SW,JOHNSONS POND,HAVERHILL,7,HAVERHILL WATER DEPT,5.0,116.0,False,False,,,0.0,10.5,False,True,0,1,0.2290879116301464,38467.0,1,1,1,3
MA3144000,1079.3060305403146,1.0793060305403146,39412.88419251865,39.412884192518646,2775.8875663830704,2.77588756638307,1713.5360583064514,1.7135360583064514,3565.579773312318,3.5655797733123182,0,0,2,0,2,2,12,13,1,0,GW,BROWNS GP WELL,IPSWICH,9,IPSWICH DPU  WATER DEPT,18.0,348.0,True,True,7.3,,6.0,19.1,False,True,1,0,0.0,0.0,0,0,0,0
MA3149000,2930.7966404724957,2.9307966404724954,26804.100999401235,26.80410099940124,2702.039930765753,2.702039930765753,1558.7667545652837,1.5587667545652837,762.2102906627495,0.7622102906627495,0,2,2,21,3,32,7,69,0,0,SW,MERRIMACK RIVER,LAWRENCE,1,LAWRENCE WATER WORKS,6.0,116.0,True,False,,,2.0,10.5,False,True,1,1,0.9997082756367884,110238.0,1,1,1,4
MA3157000,736.2737151969499,0.7362737151969498,4654.996148407807,4.654996148407807,2221.784335441508,2.221784335441508,3626.130121174028,3.626130121174029,3536.431610069931,3.536431610069932,0,0,1,0,2,11,18,61,1,0,GW,TOWER RD. GP WELL,LINCOLN,3,LINCOLN WATER DEPT,7.0,203.0,True,True,6.4,5.4,3.0,18.3,False,True,1,1,0.000297643245227,4241.0,0,1,0,1
MA3160000,2738.555745301628,2.738555745301628,20686.02677657136,20.68602677657136,2311.149602546398,2.311149602546398,4337.134348939103,4.337134348939103,386.268691796824,0.386268691796824,0,1,3,9,4,19,8,64,0,0,SW,MERRIMACK RIVER,LOWELL,1,LOWELL REGIONAL WATER UTILITY,4.0,116.0,True,True,4.6,,3.0,13.1,False,True,1,1,0.9227566089055708,124801.0,1,1,1,4
MA3163000,70.42670167740094,0.0704267016774009,21278.852499800305,21.278852499800305,1340.106159556481,1.3401061595564814,1116.5647009131724,1.1165647009131725,426.9600651242079,0.4269600651242079,0,1,2,27,8,55,25,175,0,1,SW,BREEDS POND,LYNN,7,LYNN WATER AND SEWER COMM,4.0,116.0,True,True,4.7,,5.0,13.2,False,True,1,1,0.8696771103285099,101709.0,1,1,1,5
MA3164000,6608.816097627784,6.608816097627784,21150.860634609984,21.150860634609984,3322.02524208208,3.32202524208208,1118.1069218014716,1.1181069218014716,1458.354437257293,1.458354437257293,0,0,0,6,4,18,20,131,1,0,GW,MAIN STREET G.P. WELL,LYNNFIELD,11,LYNNFIELD CENTER WATER DISTRICT,6.0,174.0,True,True,6.1000000000000005,,4.0,14.6,False,True,1,1,5.408512142261108e-06,1116.0,0,1,0,1
MA3166000,2141.930188339796,2.141930188339796,41761.52900258914,41.761529002589135,411.3806495378436,0.4113806495378436,710.9131070560649,0.7109131070560648,2260.185836269569,2.260185836269569,2,0,2,2,4,3,11,21,1,0,GW,GRAVELLY POND,MANCHESTER,3,MANCHESTER BY THE SEA DPW,5.0,145.0,True,True,12.0,4.8,6.0,25.8,True,True,1,0,0.0,0.0,0,0,0,0
MA3180000,1208.5027133481162,1.2085027133481163,48378.79735548839,48.37879735548839,1242.5284236524835,1.2425284236524836,1700.4581627469634,1.7004581627469633,1570.633064049691,1.570633064049691,0,0,2,3,5,4,7,25,1,0,GW,EAST MAIN ST GP WELL,MERRIMAC,4,MERRIMAC WATER DEPARTMENT,4.0,116.0,True,True,6.9,,1.0,15.4,False,True,1,1,0.1632755689125934,1278.0,1,0,0,1
MA3181000,1163.433135898551,1.163433135898551,26848.832835579167,26.848832835579167,3297.4916021851764,3.2974916021851763,3204.297231002148,3.204297231002147,1337.6289737454028,1.3376289737454028,0,0,0,15,2,34,7,74,0,0,SW,MERRIMACK RIVER,METHUEN,1,METHUEN WATER DEPT,4.0,116.0,True,False,4.0,,3.0,12.5,False,True,1,1,0.5791982090874266,60793.0,1,1,1,4
MA3198000,503.8256504179578,0.5038256504179578,525.232700256354,0.5252327002563539,1897.8303286465173,1.8978303286465168,1758.2780134573643,1.7582780134573643,333.2784773068393,0.3332784773068393,0,6,1,20,4,39,17,73,1,0,GW,SPRINGVALE #2 GP WELL,NATICK,14,NATICK WATER DEPARTMENT,8.0,232.0,True,True,14.3,37.3,6.0,67.8,True,True,1,1,0.2204836477945079,23156.0,1,1,1,4
MA3199000,5528.597394543068,5.528597394543068,6540.625066117882,6.540625066117882,2818.6607170999114,2.8186607170999114,4029.328179985585,4.029328179985585,1476.6242828648997,1.4766242828648997,0,0,1,3,2,15,10,63,1,1,GW,CHARLES RIVER WELL 3 (STATION 5),NEEDHAM,4,NEEDHAM WATER DEPT,6.0,174.0,True,True,4.6,5.0,2.0,16.1,False,True,1,1,1.0330443452169702e-05,6761.0,0,1,0,1
MA3206000,1152.804876631404,1.152804876631404,44600.98594744469,44.60098594744469,1562.3307059594351,1.5623307059594351,2059.526666049532,2.059526666049532,1415.8070300937368,1.4158070300937369,0,0,3,7,4,22,12,28,1,0,SW,WELL  2,NEWBURYPORT,5,NEWBURYPORT WATER DEPARTMENT,6.0,174.0,True,True,,4.6,2.0,13.1,False,True,1,1,0.0480713483329919,2213.0,1,0,0,1
MA3210000,975.0348956215372,0.9750348956215372,29414.89791494878,29.414897914948774,1346.7304572115845,1.3467304572115846,1077.581886982584,1.077581886982584,489.24177053399006,0.48924177053399,0,1,2,8,3,25,10,67,0,0,SW,LAKE COCHICHEWICK  NPS,NORTH ANDOVER,2,NORTH ANDOVER WATER DEPT,5.0,116.0,False,False,,,0.0,10.5,False,True,0,1,0.1329549843003573,15707.0,0,1,1,2
MA3213000,3393.986213963607,3.3939862139636072,16741.667151767902,16.741667151767903,343.4223046929959,0.3434223046929959,1244.39259756385,1.24439259756385,460.1086718579576,0.4601086718579576,1,2,1,9,3,26,15,90,1,0,GW,RAILROAD BED WELLS,NORTH READING,7,NORTH READING WATER DEPT.,5.0,116.0,True,False,,,3.0,10.5,False,True,1,0,0.0,0.0,0,0,0,0
MA3229000,3825.9347925891434,3.8259347925891434,23993.161667160755,23.99316166716076,723.645647501958,0.723645647501958,1668.2873466901383,1.6682873466901382,288.998097826202,0.288998097826202,1,2,7,17,9,56,25,151,1,1,SW,PINE ST. GP WELL,PEABODY,6,PEABODY WATER DEPT.,13.0,348.0,True,True,7.0,,5.0,15.5,False,True,1,1,0.2784218147313101,29939.0,1,1,1,4
MA3246000,727.7440655785539,0.7277440655785539,15432.391917604222,15.43239191760422,2606.075471462741,2.606075471462741,1785.774112266155,1.785774112266155,388.5134037947296,0.3885134037947296,0,2,3,23,6,43,15,101,1,0,GW,WELL #8220,READING,9,READING WATER DEPARTMENT,4.0,116.0,False,False,,,0.0,10.5,False,True,0,1,0.0260930367347407,2565.0,1,1,0,2
MA3252000,702.7387080085485,0.7027387080085485,57624.07103152964,57.62407103152964,282.81979114625267,0.2828197911462526,521.6830794127638,0.5216830794127638,1961.4058138097064,1.9614058138097064,1,0,1,3,1,7,2,10,1,0,ESW,DEEP BEDROCK WELL,ROCKPORT,9,ROCKPORT WATER DEPT,4.0,116.0,False,False,,,0.0,10.5,False,True,0,1,0.0727719792927994,828.0,1,0,0,1
MA3254000,1751.3668879537022,1.751366887953702,37543.59008859508,37.543590088595074,2888.817787597629,2.888817787597629,4609.882711320055,4.609882711320055,1601.0579915681524,1.6010579915681524,0,0,1,1,3,3,10,5,1,0,GW,PINGREE FARM WELLFIELD #5,ROWLEY,3,ROWLEY WATER DEPARTMENT,4.0,116.0,True,True,7.7,5.7,7.0,21.0,True,True,1,0,0.0,0.0,0,0,0,0
MA3259000,4459.487835638924,4.459487835638924,56234.4619119331,56.234461911933096,5410.031694357557,5.410031694357557,4288.73722805755,4.28873722805755,1910.078205514808,1.910078205514808,0,0,0,2,0,8,6,22,1,0,GW,GP WELL 8,SALISBURY,4,SALISBURY WATER DEPARTMENT,4.0,58.0,True,True,6.0,,3.0,14.5,False,True,1,0,0.0,0.0,0,0,0,0
MA3288000,478.1333241191639,0.4781333241191638,6833.691468265145,6.833691468265145,1428.8057738374778,1.4288057738374778,2402.724843628604,2.4027248436286035,250.75569135729404,0.250755691357294,0,4,1,7,5,10,13,62,1,0,GW,GP WELL 10,SUDBURY,9,SUDBURY WATER DISTRICT,10.0,290.0,True,True,9.0,,6.0,19.0,False,True,1,0,0.0,0.0,0,0,0,0
MA3295000,3115.398195559728,3.1153981955597274,21218.684938588605,21.21868493858861,5371.104693955624,5.371104693955624,5600.630165623626,5.600630165623627,2010.174541500796,2.010174541500796,0,0,0,2,0,23,13,110,0,0,SW,MERRIMACK RIVER,TEWKSBURY,1,TEWKSBURY WATER DEPARTMENT,4.0,116.0,True,True,5.0,,3.0,13.5,False,True,1,1,8.68293386593577e-07,1470.0,0,1,0,1
MA3298000,4866.17172393553,4.866171723935531,35187.19260648277,35.187192606482775,1753.9416359482966,1.7539416359482969,3978.173087675314,3.978173087675314,2853.8308500502544,2.8538308500502545,0,0,1,1,2,2,9,20,1,0,GW,PERKINS ROW TUB WELL,TOPSFIELD,2,TOPSFIELD WATER DEPARTMENT,2.0,58.0,True,True,9.0,5.4,5.0,20.9,True,True,1,0,0.0,0.0,0,0,0,0
MA3305000,5121.913103345699,5.121913103345698,18048.21705331148,18.048217053311475,1165.2254853321438,1.1652254853321438,998.9611779861704,0.9989611779861703,353.6930556179595,0.3536930556179595,0,4,3,15,5,34,19,137,0,1,SW,CRYSTAL LAKE,WAKEFIELD,1,WAKEFIELD WATER DEPT,6.0,173.0,True,True,6.9,,3.0,15.4,False,True,1,1,0.0971154895400357,1116.0,0,1,0,1
MA3315000,2518.3815632049977,2.518381563204998,3816.450265811389,3.816450265811389,1470.0593453840042,1.4700593453840043,202.6381039613863,0.2026381039613863,1636.617141109114,1.6366171411091142,0,0,4,4,5,22,13,62,1,0,GW,MEADOWVIEW GP WELL  1,WAYLAND,9,WAYLAND WATER DEPARTMENT,8.0,232.0,True,True,9.0,4.0,6.0,22.0,True,True,1,1,3.0983405190934726e-09,1984.0,0,1,0,1
MA3317000,1948.6876329735155,1.9486876329735152,3223.759028598531,3.223759028598531,2398.765787849799,2.3987657878497988,2481.7750247539534,2.4817750247539534,716.7517136533462,0.7167517136533462,0,2,2,11,5,23,20,124,1,1,GW,WELLESLEY AVE. DUG WELL,WELLESLEY,10,WELLESLEY WATER DIVISION,10.0,290.0,True,True,6.3,6.6,6.0,19.3,False,True,1,1,0.0210364995741194,3638.0,0,1,0,1
MA3320000,2689.6462682290567,2.6896462682290565,36146.35164948494,36.14635164948494,744.7417533783204,0.7447417533783204,4436.821697897474,4.436821697897474,1640.9383589119934,1.6409383589119937,1,0,2,1,4,8,14,64,1,0,GW,GP WELL  1,WENHAM,2,WENHAM WATER DEPT.,2.0,58.0,True,True,7.2,6.4,5.0,20.1,True,True,1,1,8.619508355868265e-08,1567.0,1,0,0,1
MA3324000,2617.0642242829226,2.6170642242829225,42781.15204928105,42.781152049281054,2379.2685299378763,2.3792685299378764,1929.226658944786,1.9292266589447864,1462.3182835208584,1.4623182835208584,0,0,3,1,5,18,11,32,1,0,GW,BEDROCK WELL,WEST NEWBURY,3,WEST NEWBURY WATER DEPARTMENT,5.0,116.0,False,False,,,0.0,10.5,False,True,0,0,0.0,0.0,0,0,0,0
MA3330000,1503.6104484605137,1.5036104484605135,12109.397132354838,12.109397132354838,283.2230046161463,0.2832230046161463,507.1429027579354,0.5071429027579354,1371.9411229413142,1.3719411229413143,1,0,1,4,2,6,8,35,1,0,GW,STEPINSKI WELL,WESTFORD,19,WESTFORD WATER DEPARTMENT,8.0,207.0,True,True,8.6,4.4,5.0,19.5,False,True,1,1,0.0383119497468158,4891.0,0,1,0,1
MA3330019,6450.951750456764,6.450951750456764,12253.321173461787,12.253321173461789,2206.185673771055,2.206185673771055,2755.270418067282,2.755270418067282,1942.8084657118695,1.9428084657118696,0,0,1,1,2,1,8,20,1,0,GW,WELL # 2,WESTFORD,2,HAYSTACK ESTATES,2.0,58.0,True,True,5.6,,4.0,14.1,False,True,1,0,0.0,0.0,0,0,0,0
MA3333000,2953.242068550253,2.953242068550253,8773.562061915896,8.773562061915896,209.89373348355977,0.2098937334835597,3656.83480136628,3.65683480136628,1276.9779574172885,1.2769779574172884,1,0,2,13,6,28,18,99,1,1,GW,KENDALL GREEN TUB. WELLS,WESTON,1,WESTON WATER DEPT.,4.0,116.0,False,False,,,0.0,10.5,False,True,0,1,3.655943319833396e-06,2205.0,0,1,0,1
MA3342000,2237.484119079094,2.237484119079094,11390.773526822002,11.390773526822002,211.17397937019803,0.211173979370198,1415.651461680719,1.415651461680719,260.1501083111231,0.2601501083111231,1,6,3,21,4,36,16,122,1,0,GW,BUTTERS ROW GP WELL 2,WILMINGTON,11,WILMINGTON WATER DEPT,12.0,290.0,True,False,,,2.0,10.5,False,True,1,1,8.04343867923129e-07,7330.0,0,1,0,1
MA3344000,1961.6456153662448,1.9616456153662447,13962.859593053112,13.962859593053112,1285.779782776451,1.285779782776451,2141.8209093712544,2.1418209093712544,779.8646164833584,0.7798646164833584,0,1,1,6,3,33,22,273,0,1,SW,MIDDLE RESERVOIR,WINCHESTER,3,WINCHESTER WATER DEPT,8.0,232.0,False,False,,,0.0,10.5,False,True,0,1,0.0637523564526216,6413.0,0,1,0,1
MA3347000,1615.145019146295,1.615145019146295,9788.353061207052,9.78835306120705,1554.6522907959022,1.5546522907959022,1458.847727001296,1.458847727001296,485.6933500776275,0.4856933500776275,0,4,1,22,7,50,19,158,1,1,GW,G.P. WELL B,WOBURN,10,WOBURN WATER DEPT.,6.0,174.0,True,True,8.4,6.9,6.0,21.8,True,True,1,1,0.4282199409925757,31518.0,1,1,0,2
MA4001000,2660.214638444822,2.6602146384448218,40869.11628401464,40.869116284014645,1113.4882750801112,1.1134882750801112,1947.2732470673443,1.9472732470673444,880.5434355649453,0.8805434355649453,0,4,2,16,3,34,16,83,1,0,GW,HINGHAM ST. RES.,ABINGTON,6,ABINGTON/ROCKLAND JOINT WTR. WORKS,14.0,290.0,True,True,12.0,7.0,8.0,34.5,True,True,1,1,0.1408379004607841,11461.0,1,1,1,3
MA4003000,4125.153548531457,4.125153548531457,31720.53992681861,31.72053992681861,2353.685556142241,2.3536855561422407,5197.720382043411,5.197720382043411,4421.610873016772,4.421610873016772,0,0,1,0,2,3,8,34,0,0,PW,PROPOSED RIVET WELLFIELD,ACUSHNET,1,ACUSHNET WATER DEPARTMENT,4.0,116.0,False,False,,,0.0,10.5,False,True,0,1,0.1139987552547263,3183.0,1,1,0,3
MA4016000,1878.823786968568,1.878823786968568,35556.0866826601,35.556086682660094,4899.166528053823,4.899166528053823,2681.467817015189,2.6814678170151893,977.8006826841606,0.9778006826841606,0,1,0,16,1,43,7,61,1,0,SW,MANCHESTER POND,ATTLEBORO,5,ATTLEBORO WATER DEPT,9.0,203.0,True,True,6.6,12.0,5.0,25.1,True,True,1,1,0.1706626015750121,17292.0,1,1,0,3
MA4018000,4011.697865658433,4.011697865658434,33070.42078294365,33.07042078294365,154.4735547644071,0.1544735547644071,3372.51092986838,3.37251092986838,445.4188484812304,0.4454188484812304,2,2,3,10,5,26,15,100,1,0,GW,TROUT BROOK WELLFIELD,AVON,7,TOWN OF AVON,4.0,116.0,True,True,5.1000000000000005,6.0,2.0,17.6,False,True,1,1,0.9999999999999984,10646.0,0,1,0,1
MA4020000,1160.7856697416678,1.160785669741668,16985.84650725086,16.98584650725086,5655.574870959095,5.655574870959096,1610.895089256699,1.610895089256699,628.6692980440711,0.6286692980440711,0,4,0,28,0,30,4,34,1,0,GW,GP WELL 5,BARNSTABLE,5,BARNSTABLE FIRE DISTRICT,7.0,174.0,True,True,4.4,7.1000000000000005,6.0,15.3,False,True,1,1,0.2198969963044856,1113.0,1,1,0,1
MA4020002,1183.4147539191274,1.183414753919127,7011.255772798309,7.011255772798309,1153.3328403695332,1.153332840369533,757.1209931620856,0.7571209931620856,509.732458569978,0.509732458569978,0,1,4,5,5,26,6,34,1,0,GW,GP WELL  12  MURRAY,BARNSTABLE,22,CENTERVILLE OSTERVILLE MARSTONS MILLS WD,30.0,870.0,True,True,4.9,,5.0,13.4,False,True,1,1,0.0132458828706861,4411.0,1,1,0,2
MA4020003,718.0741681095064,0.7180741681095064,5719.248065624093,5.719248065624093,1688.9889671329524,1.6889889671329523,1613.7411876548558,1.6137411876548555,578.276562867217,0.578276562867217,0,1,1,2,5,4,6,9,1,0,GW,STATION 5,BARNSTABLE,6,COTUIT FIRE DISTRICT  WATER DEPARTMENT,10.0,290.0,False,False,,,0.0,10.5,False,True,0,0,0.0,0.0,0,0,0,0
MA4020004,298.4847611383494,0.2984847611383494,17693.7215290806,17.6937215290806,4868.191897057204,4.868191897057204,1875.6261812763692,1.8756261812763693,467.5280830414176,0.4675280830414176,0,9,0,28,1,30,4,34,1,0,GW,MARY DUNN WELL  4,BARNSTABLE,12,"HYANNIS WATER SYSTEM, TOWN OF BARNSTABLE",6.0,174.0,True,False,,,3.0,10.5,False,True,1,1,0.7804856723780763,18701.0,1,1,1,5
MA4036000,3386.722656145623,3.3867226561456234,5380.738057404367,5.380738057404368,1427.496904915473,1.4274969049154729,1597.472901296709,1.5974729012967093,120.06063447003976,0.1200606344700397,0,1,3,5,4,7,5,19,1,0,GW,WELLFIELD  1,BOURNE,8,BOURNE WATER DISTRICT,13.0,377.0,True,True,,4.8,3.0,19.4,False,True,1,1,0.1199852707829608,2106.0,1,1,0,2
MA4036001,7827.395263308096,7.827395263308096,10989.700784256487,10.989700784256488,3641.94627176648,3.64194627176648,933.4225808259716,0.9334225808259716,2362.9328950901786,2.3629328950901787,0,0,0,1,3,7,6,20,1,0,GW,WELL 5,BOURNE,5,BUZZARDS BAY WATER DISTRICT,10.0,290.0,False,False,,,0.0,21.0,True,True,0,0,0.0,0.0,0,0,0,0
MA4036002,10701.98130469182,10.701981304691818,13021.161529636678,13.02116152963668,4015.088506830221,4.015088506830221,2019.427295801702,2.019427295801702,1544.6765725974024,1.5446765725974023,0,0,0,3,1,6,5,18,1,0,GW,TUBULAR WELLS,BOURNE,4,NORTH SAGAMORE WATER DISTRICT,4.0,116.0,True,False,,,2.0,10.5,False,True,1,0,0.0,0.0,0,0,0,0
MA4040000,8304.454361082267,8.304454361082268,28335.614056738035,28.335614056738034,1002.0686308989372,1.002068630898937,2269.81412415576,2.26981412415576,592.4419006255009,0.592441900625501,0,1,2,16,11,35,22,135,0,0,SW,GREAT POND (LOWER),BRAINTREE,4,BRAINTREE WATER AND SEWER DEPT.,5.0,116.0,True,True,5.3,8.5,5.0,20.3,True,True,1,1,0.7432297448638344,43568.0,1,1,1,3
MA4041000,2619.5588608726903,2.61955886087269,34923.85652995935,34.923856529959345,1755.5843532378217,1.7555843532378217,1618.9614758775128,1.6189614758775128,1574.0207087691042,1.5740207087691045,0,0,2,2,4,4,6,8,1,0,GW,WELL #5 (SITE 19-84),BREWSTER,6,BREWSTER WATER DEPARTMENT,10.0,290.0,False,False,,,0.0,10.5,False,True,0,1,0.0890438280981969,503.0,1,0,0,1
MA4042000,6833.070474485667,6.833070474485667,47277.46954160936,47.27746954160936,436.09642996076326,0.4360964299607632,1511.0781955765976,1.5110781955765975,558.309771039921,0.558309771039921,1,1,2,5,6,15,14,51,1,0,GW,GP WELL 4A,BRIDGEWATER,13,BRIDGEWATER WATER DEPARTMENT,6.0,174.0,True,True,9.0,7.0,7.0,24.0,True,True,1,1,0.0657193110507768,6710.0,1,1,0,2
MA4044000,684.4177717122635,0.6844177717122635,33211.64846397886,33.21164846397886,1490.1837571440103,1.4901837571440106,2964.205347963866,2.964205347963867,403.3785483056801,0.4033785483056801,0,2,2,9,4,32,16,87,1,0,SW,BROCKTON RES.,BROCKTON,3,BROCKTON WATER DEPARTMENT,4.0,116.0,False,False,,,0.0,10.5,False,True,0,1,0.9662534400524736,113338.0,1,1,1,4
MA4050000,2616.066942847412,2.616066942847412,22177.217631184965,22.177217631184966,2410.1235172086817,2.4101235172086817,1343.0900948621122,1.3430900948621125,312.98178821838746,0.3129817882183874,0,2,1,18,2,46,12,115,1,1,GW,GP WELL  #11 (PECUNIT),CANTON,8,CANTON WATER DEPT,8.0,232.0,True,True,5.0,,4.0,13.5,False,True,1,1,0.43827681291969,25478.0,0,1,0,1
MA4055000,528.3411000218975,0.5283411000218975,40954.86864738179,40.95486864738179,1349.39636382778,1.3493963638277802,1284.1942693672431,1.284194269367243,1273.191192681618,1.2731911926816182,0,0,2,2,2,2,7,9,1,0,GW,SO. CHATHAM WELL  1,CHATHAM,11,CHATHAM WATER DEPARTMENT,10.0,290.0,False,False,,,0.0,10.5,False,True,0,1,0.0672193445522327,596.0,1,0,0,1
MA4065000,2780.63783890147,2.78063783890147,44817.51844150772,44.81751844150772,1506.347276464147,1.506347276464147,1029.7266228376527,1.0297266228376527,774.3532734960143,0.7743532734960142,0,1,2,2,3,2,12,37,1,0,SW,LILY POND,COHASSET,4,COHASSET WATER DEPT,3.0,87.0,True,True,6.7,4.5,5.0,17.7,False,True,1,0,0.0,0.0,0,0,0,0
MA4072000,1028.9687150284935,1.0289687150284936,38318.43556851544,38.31843556851544,807.9223331188707,0.8079223331188707,1588.4598915528736,1.5884598915528736,989.6362614196352,0.9896362614196352,1,1,1,8,4,16,11,65,1,0,GW,WELL D,DARTMOUTH,14,DARTMOUTH WATER DIVISION,10.0,290.0,True,True,4.2,50.6,7.0,59.1,True,True,1,1,0.1864494443338939,12943.0,1,1,1,4
MA4075000,6899.213400129503,6.899213400129503,28828.172617205837,28.828172617205837,1211.6484161575083,1.2116484161575083,3507.151296466413,3.507151296466413,1308.3883301550752,1.3083883301550752,0,0,2,2,4,4,5,13,1,0,GW,GP WELL  8,DENNIS,22,DENNIS WATER DISTRICT,18.0,522.0,True,False,,,2.0,10.5,False,True,1,1,0.199337243246113,3921.0,1,1,0,2
MA4076000,2530.964857292794,2.530964857292794,51042.28695990054,51.042286959900544,728.6979392296553,0.7286979392296553,4372.057704222582,4.372057704222582,815.6733790098189,0.8156733790098188,1,1,1,2,3,7,11,39,1,0,GW,CEDAR ST. GP WELL  3,DIGHTON,5,DIGHTON WATER DISTRICT,4.0,116.0,True,True,5.5,4.1000000000000005,4.0,16.1,False,True,1,0,0.0,0.0,0,0,0,0
MA4076004,1178.2815607581624,1.1782815607581625,51614.68700830096,51.61468700830096,2314.4920196476296,2.3144920196476297,1153.593644213305,1.153593644213305,1599.672667435445,1.599672667435445,0,0,1,5,3,13,14,46,0,0,SW,TAUNTON RIVER,DIGHTON,1,INIMA USA / AQUARIA LLC,4.0,116.0,False,False,,,0.0,10.5,False,True,0,0,0.0,0.0,0,0,0,0
MA4082000,5102.831069223509,5.102831069223509,41646.42703399654,41.64642703399654,464.7379697548905,0.4647379697548905,1525.8944469021098,1.5258944469021098,1986.689354558673,1.9866893545586728,2,0,2,3,4,4,11,32,1,0,GW,TREMONT WELL 2,DUXBURY,12,DUXBURY WATER DEPARTMENT,19.0,464.0,True,True,7.5,35.0,10.0,87.0,True,True,1,1,2.303510786386197e-07,633.0,1,0,0,1
MA4083000,4859.904841246799,4.8599048412468,47195.62564262054,47.19562564262053,1426.8777897573923,1.4268777897573923,2174.3294951317957,2.1743294951317957,889.3928237558316,0.8893928237558316,0,1,2,4,4,8,15,28,1,0,GW,GP WELL  4,EAST BRIDGEWATER,6,East Bridgewater Water Dept.,7.0,116.0,True,True,5.1000000000000005,,3.0,13.6,False,True,1,1,1.9866760526847213e-07,4796.0,1,1,1,2
MA4086095,15297.24729271828,15.29724729271828,50749.50517226623,50.74950517226623,1525.5753131855054,1.5255753131855054,6639.114480765085,6.639114480765086,9092.27870570968,9.09227870570968,0,0,2,0,2,0,3,3,1,0,GW,NRHS WELL,EASTHAM,4,TOWN OF EASTHAM,4.0,116.0,False,False,,,0.0,10.5,False,True,0,1,0.2712161778734891,1519.0,1,0,0,1
MA4088000,2992.8983956789025,2.9928983956789024,32189.844395304663,32.18984439530466,335.1995436492082,0.3351995436492082,513.0961726167307,0.5130961726167307,1223.3435536676532,1.2233435536676531,1,0,3,12,5,21,12,59,1,0,GW,GP WELL # 5,EASTON,9,EASTON WATER DIV,8.0,203.0,True,True,9.9,16.299999999999997,6.0,36.9,True,True,1,1,2.313748180381774e-06,5704.0,0,1,0,1
MA4089000,2249.350935871991,2.249350935871991,28532.515249065345,28.532515249065344,532.2541459305455,0.5322541459305455,919.9068347334844,0.9199068347334846,1003.2321823774328,1.0032321823774328,1,0,1,1,2,4,7,5,1,0,GW,WINTUCKET WELL  2,EDGARTOWN,5,EDGARTOWN WATER DEPARTMENT,11.0,290.0,False,False,,,0.0,10.5,False,True,0,0,0.0,0.0,0,0,0,0
MA4094000,3562.367550527888,3.562367550527888,24610.7511865025,24.6107511865025,1491.5401087545206,1.4915401087545206,1025.7513440299958,1.025751344029996,962.324203188504,0.962324203188504,0,2,2,7,3,29,9,58,1,0,GW,WOLF ISLAND RD. WELL  1,FAIRHAVEN,7,FAIRHAVEN WATER DEPT,1.0,29.0,False,False,,,0.0,10.5,False,True,0,1,0.0294636866008754,1462.0,1,0,0,1
MA4095000,1299.0508047552223,1.2990508047552225,41511.47485946737,41.51147485946737,1405.1894938106952,1.4051894938106952,2094.79217709223,2.0947921770922298,1696.3577543595895,1.6963577543595896,0,0,2,7,6,27,11,64,0,0,ESW,COPICUT RES.,FALL RIVER,4,FALL RIVER WATER DEPARTMENT,5.0,116.0,False,False,,,0.0,10.5,False,True,0,1,0.6229405131159522,76088.0,1,1,1,6
MA4096000,1305.725931925201,1.305725931925201,5097.710796201048,5.097710796201048,1100.8411602646183,1.1008411602646184,1658.7125680540826,1.6587125680540826,887.2497253657617,0.8872497253657617,0,1,1,5,1,8,4,13,1,0,GW,FRESH POND WELL,FALMOUTH,6,FALMOUTH WATER DEPT,18.0,294.0,False,False,,,0.0,10.5,False,True,0,1,0.1098902160275723,6658.0,1,1,0,2
MA4096001,1149.058505264937,1.149058505264937,937.0435089240405,0.9370435089240404,2180.834752722511,2.180834752722511,2044.089880220366,2.044089880220366,1748.6342157733334,1.7486342157733334,0,0,1,1,1,1,8,16,1,0,GW,GP WELL J,FALMOUTH,1,OTIS AIR NATIONAL GUARD BASE,2.0,58.0,False,False,,,0.0,10.5,False,True,0,1,0.998427717197622,2391.0,1,1,0,1
MA4099000,1455.618804729332,1.455618804729332,26834.5719515,26.8345719515,1002.9490694135922,1.002949069413592,517.8636868758426,0.5178636868758426,922.107506470666,0.922107506470666,0,1,1,5,8,20,15,65,1,0,GW,WELL  8,FOXBOROUGH,21,FOXBORO WATER DEPARTMENT,6.0,174.0,True,True,6.3,6.7,5.0,19.5,False,True,1,1,0.0891989735458797,7965.0,0,1,0,1
MA4118000,588.8210162623643,0.5888210162623643,43608.39526297349,43.608395262973495,1331.6954924361423,1.3316954924361424,4941.571000923732,4.941571000923732,4059.859344123317,4.059859344123318,0,0,1,0,3,1,13,13,1,0,GW,WELL  2  RICHMOND PARK,HALIFAX,4,HALIFAX WATER DEPARTMENT,6.0,174.0,True,True,5.7,,4.0,16.4,False,True,1,1,0.1540058669764368,1533.0,1,0,0,1
MA4122000,1236.7923021442668,1.2367923021442668,46863.44187921612,46.863441879216126,514.753147737924,0.514753147737924,5444.967568314967,5.444967568314967,465.0732664639465,0.4650732664639465,1,2,3,12,3,17,15,49,1,0,GW,PHILIP C. BEAL WELL #2,HANOVER,9,"HANOVER WATER DEPT, MA",6.0,174.0,True,True,8.9,11.4,7.0,28.8,True,True,1,1,0.0962890018944206,1142.0,1,0,0,1
MA4123000,5396.747367714302,5.396747367714301,47600.474931481935,47.60047493148193,245.79746720456464,0.2457974672045646,5080.190323976332,5.080190323976331,312.48011972464934,0.3124801197246493,1,1,1,2,2,4,13,35,1,0,GW,WELL 5,HANSON,5,HANSON WATER DEPARTMENT,2.0,58.0,True,True,5.6,4.0,2.0,16.1,False,True,1,0,0.0,0.0,0,0,0,0
MA4126000,2745.606481048256,2.7456064810482563,34759.77802106863,34.759778021068634,1914.549614359994,1.914549614359994,1177.877364546178,1.1778773645461782,1985.779926995499,1.985779926995499,0,0,2,1,4,4,6,7,1,0,GW,GP WELL  6,HARWICH,14,HARWICH WATER DEPARTMENT,15.0,290.0,False,False,,,0.0,10.5,False,True,0,1,0.0387762722117381,3480.0,1,1,0,2
MA4131000,5048.37883495797,5.04837883495797,39885.69160152193,39.885691601521934,2032.643827753613,2.032643827753613,3231.999425164118,3.2319994251641178,160.5068510487435,0.1605068510487435,0,5,1,15,5,26,15,78,1,0,GW,FREE ST. GP WELL 2,HINGHAM,14,WEIR RIVER WATER SYSTEM,10.0,232.0,True,True,6.4,,5.0,14.9,False,True,1,1,0.0141588506960302,3375.0,1,1,0,2
MA4145000,3718.380150885465,3.718380150885465,35948.38448019412,35.948384480194115,324.70626809004386,0.3247062680900439,2386.993487933281,2.386993487933281,489.2434973819231,0.4892434973819231,1,5,1,17,4,21,15,32,1,0,GW,MILLGATE RD. GP WELL,KINGSTON,7,KINGSTON WATER DEPARTMENT,5.0,145.0,False,False,,,0.0,10.5,False,True,0,0,0.0,0.0,0,0,0,0
MA4167000,2754.087144506929,2.7540871445069293,32538.58333714084,32.538583337140835,698.9692805928713,0.6989692805928713,2296.3525202679552,2.296352520267955,167.97566773182794,0.1679756677318279,1,1,2,6,3,23,11,67,1,0,GW,PRESCOTT WELL  9,MANSFIELD,11,MANSFIELD WATER DIVISION,6.0,174.0,True,True,4.3,6.2,4.0,18.6,False,True,1,1,0.1109842850397603,5411.0,0,1,0,1
MA4169000,5339.224960742146,5.339224960742146,23802.04584485488,23.80204584485488,2518.496016836952,2.518496016836952,5127.408198197452,5.127408198197452,4270.1719217379805,4.2701719217379805,0,0,1,0,4,1,8,45,1,0,GW,SOUTH WELL,MARION,6,MARION WATER DIVISION,2.0,58.0,False,False,,,0.0,10.5,False,True,0,1,0.1843962722622351,1184.0,0,1,0,1
MA4171000,2751.045155102582,2.7510451551025823,46198.44606628148,46.19844606628149,827.3277652795316,0.8273277652795316,559.319971496404,0.559319971496404,935.4146087855104,0.9354146087855104,1,1,3,6,6,7,14,26,1,0,GW,FURNACE BROOK WELL  4,MARSHFIELD,16,MARSHFIELD WATER DEPARTMENT,44.0,903.0,True,True,7.0,4.6,7.0,17.2,False,True,1,1,0.0446509265574171,633.0,1,0,0,1
MA4172039,1165.4270068761646,1.1654270068761643,2535.546494947468,2.5355464949474675,1007.4492439928632,1.0074492439928633,726.0130853072667,0.7260130853072667,2394.686127135556,2.3946861271355555,0,0,1,1,2,2,7,11,1,0,GW,HOLLAND MILLS WELL NO. 5,MASHPEE,10,MASHPEE WATER DISTRICT,12.0,348.0,True,False,,,1.0,10.5,False,True,1,1,0.135280853514824,2906.0,1,1,0,2
MA4173000,6622.387362948894,6.622387362948895,25022.91987432061,25.02291987432061,1937.5174558347944,1.9375174558347945,2866.919743254159,2.8669197432541598,4457.980692145287,4.457980692145287,0,0,2,0,3,4,9,52,1,0,GW,GP WELL  1,MATTAPOISETT,5,MATTAPOISETT WATER DEPARTMENT,2.0,58.0,False,False,,,0.0,10.5,False,True,0,1,2.860104711988469e-06,1184.0,0,1,0,1
MA4182000,1398.995972633708,1.3989959726337078,30172.691458503235,30.172691458503238,784.1480647256315,0.7841480647256315,1110.0769513131645,1.1100769513131643,750.8850396928112,0.7508850396928113,1,2,3,5,4,11,14,44,1,0,GW,WILBUR FARM TEST SITE,MIDDLEBOROUGH,16,MIDDLEBOROUGH WATER SUPPLY,20.0,580.0,True,True,11.0,5.0,8.0,25.5,True,True,1,1,0.0189761272603458,3326.0,1,1,0,2
MA4197000,1664.968239276404,1.6649682392764038,56565.30879385581,56.565308793855806,7004.807100179441,7.00480710017944,1002.4862464115392,1.0024862464115392,2323.902609690333,2.3239026096903337,0,0,0,2,0,2,3,4,1,0,GW,MILESTONE RD. WELL  #2,NANTUCKET,5,WANNACOMET WATER COMPANY,4.0,87.0,False,False,,,0.0,10.5,False,True,0,1,0.4849910755048304,10250.0,0,1,0,1
MA4201000,2837.761591720267,2.837761591720267,33418.27786811119,33.41827786811119,4054.012948522218,4.054012948522217,5758.705724518677,5.758705724518677,3846.415335964456,3.846415335964456,0,0,0,0,1,3,8,26,0,0,SW,LITTLE QUITTACAS POND (5) TERMINAL,NEW BEDFORD,5,CITY OF NEW BEDFORD DPI,5.0,116.0,True,False,,,1.0,10.5,False,True,1,1,0.7342494326315728,83639.0,1,1,1,4
MA4211000,3976.405045746741,3.976405045746741,33538.96824938808,33.538968249388084,1678.7952542530657,1.6787952542530655,1067.8305133628485,1.0678305133628485,158.42062018591983,0.1584206201859198,0,2,1,13,2,34,8,72,1,0,GW,HILLMAN WELL,NORTH ATTLEBOROUGH,11,NORTH ATTLEBORO WATER DEPT,8.0,232.0,True,True,9.0,8.0,8.0,27.0,True,True,1,1,0.0767600224019809,7478.0,1,1,0,2
MA4218000,3170.843830057027,3.1708438300570267,38899.72528039131,38.89972528039131,918.9251387505118,0.9189251387505116,994.136591879544,0.9941365918795438,1219.5988114860536,1.2195988114860536,1,0,1,10,1,16,13,50,1,0,GW,WELL 6A,NORTON,6,NORTON WATER DEPARTMENT,6.0,174.0,True,True,8.8,4.0,7.0,23.6,True,True,1,0,0.0,0.0,0,0,0,0
MA4219000,1375.164106059486,1.375164106059486,42071.46450114138,42.07146450114138,1361.186919906571,1.361186919906571,5051.592912092082,5.051592912092082,470.8798940305954,0.4708798940305954,0,2,3,17,3,27,14,67,1,0,GW,WELL # 6 REPLACEMENT,NORWELL,11,NORWELL WATER DEPARTMENT,6.0,174.0,True,True,9.9,18.4,7.0,37.0,True,True,1,1,3.899338029593304e-07,1142.0,1,0,0,1
MA4220000,2049.563047063238,2.049563047063238,15107.257707814775,15.107257707814776,1619.7987387203495,1.6197987387203496,2196.4039613622,2.1964039613622,122.72462716809174,0.1227246271680917,0,11,2,30,3,48,13,94,1,1,GW,ELLIS WELL  2,NORWOOD,4,NORWOOD WATER DEPT. (MWRA),4.0,116.0,False,False,,,0.0,10.5,False,True,0,1,0.529255482436259,18231.0,1,1,1,3
MA4221000,339.89621229652613,0.3398962122965261,24050.083053476345,24.050083053476342,1008.2026823116464,1.0082026823116466,1333.2392226720058,1.3332392226720058,520.2892535750335,0.5202892535750335,0,2,3,3,4,4,6,5,1,0,GW,FARM NECK WELL ON TRADEWINDS RD,OAK BLUFFS,5,OAK BLUFFS WATER DISTRICT,10.0,290.0,True,False,,,2.0,10.5,False,True,1,1,0.2329561301519344,2520.0,1,1,0,2
MA4224000,3882.890209993359,3.882890209993359,45156.05185425039,45.15605185425039,728.2226395393361,0.7282226395393361,2181.407978000924,2.1814079780009243,1074.2435693420746,1.0742435693420749,1,0,1,3,1,3,6,6,1,0,GW,CLIFF POND WELL  4,ORLEANS,8,ORLEANS WATER DEPARTMENT,4.0,116.0,False,False,,,0.0,10.5,False,True,0,1,0.0612361833760153,872.0,1,0,0,1
MA4231000,1261.7359675333455,1.2617359675333455,46916.96315148768,46.91696315148768,474.1630138643277,0.4741630138643276,2170.832440777024,2.170832440777024,4241.335389040536,4.241335389040536,1,0,2,0,2,1,13,22,1,0,GW,GP WELL  3,PEMBROKE,5,PEMBROKE WATER DIVISION DPW,8.0,174.0,True,False,,,2.0,10.5,False,True,1,1,3.6472335529055045e-07,1775.0,1,0,0,1
MA4238000,5319.435243671223,5.319435243671223,32488.289731783505,32.4882897317835,1788.8849377106142,1.7888849377106142,1165.3916323646122,1.165391632364612,941.681949210907,0.941681949210907,0,2,2,6,4,19,10,73,1,0,GW,WELL 3D,PLAINVILLE,9,PLAINVILLE WATER DEPARTMENT,10.0,232.0,True,True,4.3,5.9,4.0,16.7,False,True,1,1,0.0171791806454351,993.0,0,1,0,1
MA4239000,532.8882557063447,0.5328882557063447,19445.41950981523,19.44541950981523,790.505164058919,0.790505164058919,2161.788643569053,2.1617886435690528,376.8988313902837,0.3768988313902837,1,4,1,16,2,23,9,32,1,0,GW,SHIP POND WELL,PLYMOUTH,15,"PLYMOUTH WATER DEPARTMENT, MA",27.0,638.0,True,False,,,2.0,10.5,False,True,1,1,0.0851985612323451,7335.0,1,1,0,2
MA4239055,4732.916131432191,4.732916131432191,24330.435160663816,24.33043516066381,934.678594744366,0.934678594744366,2089.804163569228,2.089804163569228,1033.752522271015,1.033752522271015,1,0,1,1,1,1,3,8,1,0,GW,WELL 2,PLYMOUTH,3,"PINEHILLS WATER COMPANY, INC.",2.0,58.0,True,False,,,1.0,10.5,False,True,1,0,0.0,0.0,0,0,0,0
MA4242000,10132.854444989867,10.132854444989867,55095.92377477065,55.09592377477065,4524.966941693172,4.524966941693172,6673.720066776064,6.673720066776064,7346.398422570536,7.346398422570536,0,0,0,0,1,0,2,1,1,0,GW,NO.TRURO USAF BASE WELL (04G),PROVINCETOWN,6,PROVINCETOWN WATER DEPARTMENT,4.0,116.0,False,False,,,0.0,10.5,False,True,0,1,0.1899942741288639,1556.0,1,0,0,1
MA4245000,6793.654291517304,6.793654291517304,46417.823553486494,46.41782355348649,514.202825771062,0.5142028257710619,2296.1016001280072,2.2961016001280075,4697.141513458852,4.697141513458852,2,0,2,0,5,7,12,60,1,0,GW,LAKE NIP WELL  2,RAYNHAM,9,RAYNHAM CENTER WATER DISTRICT,6.0,174.0,True,True,92.0,,7.0,128.4,True,True,1,0,0.0,0.0,0,0,0,0
MA4245002,3016.1006236538856,3.0161006236538856,46824.40526505312,46.82440526505312,858.082896441253,0.8580828964412529,2182.325526350852,2.182325526350852,849.692238424662,0.849692238424662,1,1,4,2,5,25,11,64,1,0,GW,KING PHILLIP ST. WELL  1,RAYNHAM,8,NORTH RAYNHAM WATER DISTRICT,4.0,116.0,True,False,,,1.0,10.5,False,True,1,1,3.321110229963164e-06,1791.0,0,1,0,1
MA4261000,2256.165193261428,2.256165193261428,1599.23132614604,1.5992313261460402,1755.1248435896848,1.755124843589685,1439.4216447359647,1.439421644735965,1013.3153393869612,1.0133153393869614,0,0,1,3,2,7,8,16,1,0,GW,GP WELL  2,SANDWICH,11,SANDWICH WATER DISTRICT,23.0,580.0,False,False,,,0.0,21.0,True,True,0,1,0.0020020085811613,1594.0,1,1,0,1
MA4261024,7433.124513402693,7.433124513402693,6927.73577682108,6.92773577682108,1623.3380754022523,1.6233380754022524,2135.1713822931065,2.1351713822931067,436.44911384839816,0.4364491138483981,0,2,1,4,1,8,6,15,1,0,GW,WELL #3,SANDWICH,3,UPPER CAPE REGIONAL WATER COOPERATIVE,6.0,145.0,False,False,,,0.0,10.5,False,True,0,0,0.0,0.0,0,0,0,0
MA4264000,8333.487169502509,8.333487169502508,49429.97199992085,49.429971999920845,554.4890855577122,0.5544890855577121,2328.292722783113,2.3282927227831127,591.0762610008476,0.5910762610008475,2,2,2,2,4,3,10,24,1,0,GW,WELL  22  BARNES MEADOW,SCITUATE,8,SCITUATE WATER DIVISION,11.0,290.0,True,True,5.6,5.7,4.0,17.7,False,True,1,0,0.0,0.0,0,0,0,0
MA4265000,8440.290724952016,8.440290724952016,48673.47393954076,48.67347393954076,549.0292134307549,0.549029213430755,6721.657285016486,6.7216572850164855,1346.4010792803963,1.3464010792803964,1,0,3,2,4,10,4,50,1,0,GW,NEWMAN GP WELL 1R,SEEKONK,7,SEEKONK WATER DISTRICT,2.0,58.0,True,True,,5.0,1.0,13.5,False,True,1,1,3.932438684642522e-06,1374.0,0,1,0,1
MA4266000,1262.3853040450736,1.2623853040450737,24909.35115400029,24.90935115400029,3179.661039067414,3.179661039067414,95.44565016526278,0.0954456501652627,3105.556276833025,3.105556276833025,0,0,0,0,3,15,17,89,1,0,GW,GP WELL  6,SHARON,6,SHARON WATER DEPT,12.0,348.0,True,True,8.1,15.0,6.0,57.1,True,True,1,1,0.2111158312897026,12407.0,0,1,0,1
MA4273000,1730.4201311404763,1.7304201311404763,51118.849778904856,51.11884977890485,1709.2554562111588,1.7092554562111588,3097.4261851359333,3.0974261851359333,1142.9847290213904,1.1429847290213904,0,0,2,2,4,15,12,47,1,0,GW,SOMERSET RESERVOIR,SOMERSET,2,SOMERSET WATER DEPARTMENT,4.0,116.0,False,False,,,0.0,10.5,False,True,0,0,0.0,0.0,0,0,0,0
MA4285000,231.78569543967689,0.2317856954396769,27077.71584369381,27.077715843693817,2104.6734797885297,2.10467347978853,2471.106759686488,2.471106759686488,792.9730484617265,0.7929730484617266,0,2,1,9,3,25,15,102,1,1,GW,GURNEY GRAVEL PACKED WELL 5,STOUGHTON,9,STOUGHTON WATER DEPARTMENT,6.0,149.0,True,True,7.3,6.3,5.0,18.7,False,True,1,1,0.9735927231525722,47898.0,1,1,0,2
MA4292000,1500.6136056735086,1.5006136056735089,55540.66884753398,55.54066884753399,2638.2680076265838,2.6382680076265834,4413.106578962929,4.413106578962929,1686.0488583612412,1.6860488583612412,0,0,1,7,3,8,10,50,1,0,GW,MAKER WELL 5,SWANSEA,14,SWANSEA WATER DISTRICT,14.0,348.0,True,True,5.1000000000000005,,6.0,16.7,False,True,1,0,0.0,0.0,0,0,0,0
MA4293000,3462.2897111528314,3.4622897111528315,33417.66610612302,33.41766610612302,1811.6674953132624,1.811667495313262,954.1536087261876,0.9541536087261876,574.1431366533473,0.5741431366533473,0,2,1,13,3,14,11,48,1,0,SW,LITTLE QUITTACAS (5),TAUNTON,8,TAUNTON WATER DIVISION,5.0,116.0,False,False,,,0.0,10.5,False,True,0,1,0.2794884436291491,31898.0,1,1,0,2
MA4296000,3391.950356445034,3.391950356445034,24881.26047518877,24.88126047518877,252.6976689399304,0.2526976689399304,1181.8476047367842,1.1818476047367843,1818.2077492890296,1.8182077492890296,2,0,2,2,4,3,6,8,1,0,GW,MANTER WELL,TISBURY,3,TISBURY WATER WORKS,6.0,174.0,False,False,,,0.0,10.5,False,True,0,1,0.8036377325871227,3712.0,1,1,0,3
MA4307000,3799.318652281616,3.799318652281616,18685.05038977081,18.68505038977081,1782.383430327829,1.782383430327829,1451.451591040815,1.451451591040815,699.6585269008922,0.6996585269008921,0,2,3,12,4,18,16,70,1,0,GW,MINE BROOK 1A GP WELL,WALPOLE,18,WALPOLE WATER DEPT,5.0,116.0,True,False,4.0,4.0,6.0,16.0,False,True,1,1,0.114096668208377,15697.0,0,1,1,2
MA4310000,1397.7772082808376,1.3977772082808375,16450.99187719151,16.450991877191512,2984.58183254196,2.98458183254196,4316.5057863057655,4.316505786305766,2657.552921520858,2.657552921520858,0,0,1,2,2,9,6,22,1,0,GW,SOUTH LINE WELL 8,WAREHAM,10,WAREHAM FIRE DISTRICT,4.0,116.0,False,False,,,0.0,10.5,False,True,0,1,0.1525569491447015,9071.0,1,1,0,2
MA4310003,3743.358162674695,3.743358162674695,13169.432891667007,13.169432891667007,5514.218017438007,5.514218017438007,2714.954939025724,2.714954939025724,393.0250987779963,0.3930250987779963,0,2,0,4,0,6,6,20,1,0,GW,WELL # 5,WAREHAM,6,ONSET FIRE DISTRICT,4.0,116.0,True,True,,7.1000000000000005,1.0,15.6,False,True,1,1,0.2430929830766778,1617.0,1,0,0,1
MA4322000,1337.5330098454542,1.3375330098454543,41284.13634825416,41.28413634825416,2461.432494556388,2.461432494556388,3244.0976557702406,3.244097655770241,887.0816329815095,0.8870816329815095,0,1,1,4,4,16,16,57,1,0,GW,NORMAN  2,WEST BRIDGEWATER,7,WEST BRIDGEWATER WATER DEPT,8.0,232.0,True,True,5.5,,5.0,14.0,False,True,1,1,2.6805051094695615e-05,6867.0,0,1,0,1
MA4336000,2821.536421544564,2.821536421544564,35051.54851893397,35.05154851893397,723.8631677211737,0.7238631677211737,446.9506104401432,0.4469506104401432,147.27324887616737,0.1472732488761673,1,6,3,17,6,40,17,124,1,0,GW,WHITMANS POND,WEYMOUTH,8,WEYMOUTH WATER DEPARTMENT,6.0,174.0,True,False,,,1.0,10.5,False,True,1,1,0.3493240290253781,27943.0,1,1,1,4
MA4338000,7957.36372098779,7.957363720987789,44852.53702729539,44.85253702729539,2686.697236866585,2.686697236866585,2245.913934120073,2.245913934120073,2686.1782662416176,2.6861782662416176,0,0,2,2,3,9,14,44,0,0,PW,BEAR MEADOW BEDROCK WELL,WHITMAN,1,WHITMAN WATER SYSTEM,4.0,116.0,True,False,,,4.0,10.5,False,True,1,1,3.0647069883095344e-08,2481.0,1,1,1,1
MA4350000,3739.791511953831,3.739791511953831,26878.30011917197,26.87830011917197,1077.1415462792063,1.0771415462792064,1511.2896996236966,1.5112896996236966,1420.433186800958,1.420433186800958,0,0,4,4,7,15,14,60,1,0,GW,FRANKLIN ST. WELL  3,WRENTHAM,5,WRENTHAM WATER DIVISION,6.0,174.0,True,True,5.7,4.4,5.0,16.6,False,True,1,0,0.0,0.0,0,0,0,0
MA4351000,2440.129372690741,2.440129372690741,22393.54391666953,22.39354391666953,956.2927192293458,0.956292719229346,1102.7506490656765,1.1027506490656764,684.4073708127929,0.6844073708127929,1,1,1,10,3,29,5,34,1,0,GW,GP WELL  9,YARMOUTH,24,YARMOUTH WATER DEPARTMENT,31.0,870.0,True,False,,,5.0,16.7,False,True,1,1,0.2276333660790611,8182.0,1,1,0,3
