PWSID,pws_name,total_samples,total_results,any_detection,ever_exceeded_federal_mcl,max_pfoa_ppt,max_pfos_ppt,num_pfas_detected,max_pfas6_sum_ppt,ever_exceeded_ma_mmcl
MA1004000,ADAMS FIRE DISTRICT,2,58,False,False,,,0,10.5,False
MA1005000,AGAWAM WATER DEPARTMENT,4,116,False,False,,,0,10.5,False
MA1008000,AMHERST DPW  WATER DIVISION,15,348,False,False,,,0,10.5,False
MA1015000,ATHOL DPW  WATER DIVISION,4,116,False,False,,,0,10.5,False
MA1024000,BELCHERTOWN WATER DISTRICT,4,116,False,False,,,0,10.5,False
MA1061000,CHICOPEE WATER DEPT (MWRA),4,116,False,False,,,0,10.5,False
MA1070000,DALTON FIRE DISTRICT,6,174,False,False,,,0,10.5,False
MA1074001,SOUTH DEERFIELD WATER SUPPLY DISTRICT,4,116,False,False,,,0,10.5,False
MA1085000,EAST LONGMEADOW DPW WATER DEPT,4,116,False,False,,,0,10.5,False
MA1087000,EASTHAMPTON WATER DEPT,8,232,False,False,,,0,10.5,False
MA1113000,GREAT BARRINGTON FIRE DIST,2,58,False,False,,,0,10.5,False
MA1114000,GREENFIELD WATER DEPARTMENT,6,174,False,False,,,0,10.5,False
MA1117002,HADLEY DPW WATER DIVISION,4,116,False,False,,,0,10.5,False
MA1127000,HATFIELD WATER DEPT,8,232,True,False,,,4,10.5,False
MA1137000,HOLYOKE WATER WORKS,8,207,False,False,,,0,10.5,False
MA1150000,LEE WATER DEPT,4,116,False,False,,,0,10.5,False
MA1152000,LENOX DPW WATER DIVISION,4,116,False,False,,,0,10.5,False
MA1159000,LONGMEADOW WATER DEPT,4,116,False,False,,,0,10.5,False
MA1191000,MONSON WATER AND SEWER DEPT,7,174,False,False,,,0,10.5,False
MA1192000,TURNERS FALLS WATER DEPT,4,116,False,False,,,0,10.5,False
MA1209000,NORTH ADAMS WATER DEPT,5,116,True,True,5.8999999999999995,,1,14.399999999999999,False
MA1214000,NORTHAMPTON WATER DEPT,9,232,False,False,,,0,10.5,False
MA1223000,ORANGE WATER DEPT,9,261,True,False,,,1,13.3,False
MA1227000,PALMER WATER DISTRICT NO.1,8,232,False,False,,,0,10.5,False
MA1236000,PITTSFIELD DPU WATER DEPT,9,207,False,False,,,0,10.5,False
MA1275000,SOUTH HADLEY FD #1 (MWRA),4,116,False,False,,,0,10.5,False
MA1275001,SOUTH HADLEY FIRE DISTRICT #2 WATER DEPT,4,116,False,False,,,0,10.5,False
MA1276000,SOUTHAMPTON WATER DEPT,4,116,False,False,,,0,10.5,False
MA1279000,SOUTHWICK WATER DEPT,8,232,False,False,,,0,10.5,False
MA1281000,SPRINGFIELD WATER AND SEWER COMMISSION,4,116,False,False,,,0,10.5,False
MA1309000,WARE WATER DEPT,4,116,True,True,4.8999999999999995,7.1000000000000005,4,18.5,False
MA1325000,WEST SPRINGFIELD DPW WATER DIVISION,2,58,False,False,,,0,10.5,False
MA1329000,WESTFIELD WATER DEPT,14,406,True,False,,,1,10.5,False
MA1337010,WHATELY WATER DEPARTMENT,2,58,False,False,,,0,10.5,False
MA1339000,WILBRAHAM WATER DEPT (MWRA),4,116,False,False,,,0,10.5,False
MA1341000,WILLIAMSTOWN WATER DEPT,6,174,False,False,,,0,10.5,False
MA1341010,MT GREYLOCK REGIONAL SCHOOL,3,58,False,False,,,0,10.5,False
MA2002000,ACTON WATER SUPPLY DISTRICT,11,290,True,True,13.4,4.8999999999999995,8,25.6,True
MA2011000,ASHBURNHAM WATER DEPARTMENT,4,116,False,False,,,0,10.5,False
MA2011004,ASH/WIN JOINT WATER AUTHORITY,5,116,False,False,,,0,10.5,False
MA2017000,"AUBURN WATER DISTRICT, MA",12,348,True,True,5.7,4.7,4,16.2,False
MA2019000,AYER DPW  WATER DIVISION,5,116,True,False,,,3,10.5,False
MA2019001,DEVENS  MASSDEVELOPMENT,6,174,True,False,,,2,10.5,False
MA2021000,BARRE WATER DEPARTMENT,8,174,False,False,,,0,10.5,False
MA2025000,BELLINGHAM DPW  WATER  SEWER DIV.,4,116,True,True,4.3,5.0,3,15.8,False
MA2032000,BLACKSTONE WATER DEPARTMENT,2,58,True,True,5.7,,1,14.2,False
MA2039000,BOYLSTON WATER DISTRICT,3,87,True,True,6.0,,2,14.5,False
MA2064000,CLINTON WATER DEPT,4,116,False,False,,,0,10.5,False
MA2077000,DOUGLAS WATER DEPARTMENT,2,58,False,False,,,0,10.5,False
MA2080000,DUDLEY WATER DEPARTMENT,2,58,False,False,,,0,10.5,False
MA2080006,SOUTHBRIDGE TOOL AND MANUFACTURING,3,58,False,False,,,0,10.5,False
MA2097000,"FITCHBURG DPW, DIV. OF WATER SUPPLY",8,232,True,True,4.8999999999999995,,3,13.399999999999999,False
MA2101000,"FRANKLIN WATER DEPARTMENT, MA",15,406,True,True,4.7,5.6,5,16.8,False
MA2103000,GARDNER WATER DEPARTMENT,6,174,False,False,,,0,10.5,False
MA2110000,GRAFTON WATER DISTRICT,9,232,True,True,6.8999999999999995,6.8999999999999995,5,20.299999999999997,True
MA2115000,GROTON WATER DEPARTMENT,4,116,True,False,,,1,10.5,False
MA2134000,"HOLDEN WATER DIVISION, DPW",11,290,True,True,4.8999999999999995,,5,13.399999999999999,False
MA2136000,HOLLISTON WATER DEPARTMENT,8,182,True,True,5.3,6.5,5,17.4,False
MA2138000,HOPEDALE WATER DEPARTMENT,4,116,True,True,6.8,4.3,4,17.6,False
MA2139000,HOPKINTON WATER DEPARTMENT,8,203,True,True,7.2,,5,15.7,False
MA2141000,HUDSON WATER SUPPLY,6,124,True,False,,,1,10.5,False
MA2147000,LANCASTER WATER DEPARTMENT,4,116,False,False,,,0,10.5,False
MA2151001,CHERRY VALLEY/ ROCHDALE WATER DISTRICT,8,232,True,False,,,2,10.5,False
MA2153000,LEOMINSTER WATER DIVISION,14,406,True,True,4.3,,1,12.8,False
MA2158000,LITTLETON WATER DEPARTMENT,2,58,False,False,,,0,10.5,False
MA2162000,LUNENBURG WATER DISTRICT,4,116,True,True,5.1000000000000005,,3,13.600000000000001,False
MA2170000,MARLBOROUGH DPW  WATER DIV. (MWRA),5,116,False,False,,,0,10.5,False
MA2174000,"MAYNARD DPW, WATER DIVISION",7,174,True,True,7.1000000000000005,4.2,5,17.8,False
MA2175000,MEDFIELD WATER DEPT.,7,174,True,True,7.0,6.7,5,20.1,True
MA2177000,MEDWAY WATER DEPARTMENT,4,116,True,True,7.2,,4,15.7,False
MA2185000,MILFORD WATER COMPANY,7,149,True,True,7.1000000000000005,6.6,5,20.2,True
MA2186000,"AQUARION WATER COMPANY, MILLBURY",11,290,True,True,15.8,6.2,7,32.8,True
MA2187000,MILLIS WATER DEPT,9,232,True,True,6.8999999999999995,7.3,5,20.7,True
MA2208000,NORFOLK WATER DIVISION,8,232,True,True,7.0,4.5,5,18.0,False
MA2208001,MCI NORFOLK/CEDAR JUNCTION/WALPOLE,2,58,False,False,,,0,10.5,False
MA2212000,NORTH BROOKFIELD WATER DEPARTMENT,5,116,False,False,,,0,10.5,False
MA2215000,NORTHBOROUGH WATER DEPARTMENT (MWRA),6,116,False,False,,,0,10.5,False
MA2216000,WHITINSVILLE WATER COMPANY,8,232,False,False,,,0,10.5,False
MA2216006,NORTHBRIDGE WATER DIVISION,4,116,False,False,,,0,10.5,False
MA2226000,AQUARION WATER COMPANY OXFORD,7,174,True,False,,,1,10.5,False
MA2228000,PAXTON WATER DEPARTMENT,5,116,True,False,,,3,10.5,False
MA2232000,PEPPERELL DPW WATER DIVISION,5,145,True,True,11.4,10.0,2,27.9,True
MA2257000,RUTLAND WATER DEPARTMENT,9,232,False,False,,,0,10.5,False
MA2270000,SHIRLEY WATER DISTRICT,6,149,True,True,6.8999999999999995,,5,17.6,False
MA2270001,MCI SHIRLEY,3,58,True,False,,,1,17.7,False
MA2271000,SHREWSBURY WATER DEPARTMENT,2,58,True,True,5.4,5.6,5,17.5,False
MA2277000,SOUTHBOROUGH DPW WATER DIVISION (MWRA),4,116,False,False,,,0,10.5,False
MA2278000,SOUTHBRIDGE WATER DEPARTMENT,4,116,True,False,,,1,10.5,False
MA2280000,SPENCER WATER DEPARTMENT,4,116,False,False,,,0,10.5,False
MA2282000,STERLING WATER DEPARTMENT,4,116,True,True,,5.2,1,13.7,False
MA2287000,STURBRIDGE WATER DEPARTMENT,8,232,False,False,,,0,10.5,False
MA2294000,TEMPLETON MUNIC. LIGHT AND WATER PLANT,8,232,True,True,5.2,,4,15.200000000000001,False
MA2299000,TOWNSEND WATER DEPARTMENT,9,261,True,True,6.5,,3,15.0,False
MA2303000,UPTON DPW WATER/WASTEWATER DIVISION,6,174,False,False,,,0,10.5,False
MA2304000,"UXBRIDGE DPW,  WATER DIVISION",6,174,True,True,,6.7,3,17.1,False
MA2316000,WEBSTER WATER DEPARTMENT,6,116,True,True,4.4,,3,12.9,False
MA2321000,WEST BOYLSTON WATER DISTRICT,10,290,True,True,5.4,,3,13.9,False
MA2328000,WESTBOROUGH WATER DEPARTMENT,21,348,True,True,5.8,7.5,3,19.8,False
MA2332000,WESTMINSTER DEPARTMENT OF PUBLIC WORKS,4,116,False,False,,,0,10.5,False
MA2343000,WINCHENDON WATER DEPARTMENT,5,116,False,False,,,0,10.5,False
MA2348000,"WORCESTER DPWP, WATER SUPPLY DIVISION",5,112,True,False,,,1,10.5,False
MA3007000,AMESBURY DPW  WATER DIV.,4,91,False,False,,,0,10.5,False
MA3009000,ANDOVER WATER DEPT,5,116,True,False,,,1,10.5,False
MA3010000,ARLINGTON WATER DEPT. (MWRA),5,116,False,False,,,0,10.5,False
MA3014000,Ashland Water & Sewer Dept.,2,58,True,False,,,1,10.5,False
MA3023000,BEDFORD WATER DEPT.,4,116,False,False,,,0,10.5,False
MA3023002,HANSCOM AFB,9,232,False,False,,,0,10.5,False
MA3026000,BELMONT WATER DEPT. (MWRA),5,116,False,False,,,0,10.5,False
MA3030000,BEVERLY WATER DEPT,4,116,True,False,,,2,10.5,False
MA3031000,BILLERICA WATER WORKS,4,116,True,True,5.5,,5,14.0,False
MA3035000,BOSTON WATER AND SEWER COMMISSION (MWRA),4,116,False,False,,,0,10.5,False
MA3046000,BROOKLINE WATER AND SEWER DIVISION,4,116,False,False,,,0,10.5,False
MA3048000,BURLINGTON WATER DEPT,9,232,True,False,,,1,10.5,False
MA3049000,CAMBRIDGE WATER DEPARTMENT,4,116,True,True,4.8,,3,13.3,False
MA3056000,CHELMSFORD WATER DISTRICT,10,232,True,True,8.9,7.2,5,22.6,True
MA3056002,NORTH CHELMSFORD WATER DIST,2,58,False,False,,,0,10.5,False
MA3057000,CHELSEA WATER DEPT. (MWRA),5,116,False,False,,,0,10.5,False
MA3067000,"CONCORD WATER DEPT, MA",12,319,True,True,6.0,,4,14.5,False
MA3071000,DANVERS WATER DEPT.,8,145,True,True,,5.2,1,13.7,False
MA3073000,DEDHAM WESTWOOD WATER DIST.,8,232,True,True,6.5,5.1000000000000005,4,18.0,False
MA3079000,DRACUT WATER SUPPLY DISTRICT,8,232,True,True,6.1000000000000005,,3,14.600000000000001,False
MA3079001,KENWOOD WATER DISTRICT,8,232,True,True,6.3,,4,14.8,False
MA3093000,EVERETT WATER DEPT. (MWRA),4,116,False,False,,,0,10.5,False
MA3100000,FRAMINGHAM WATER DEPT. (MWRA),5,116,False,False,,,0,10.5,False
MA3105000,GEORGETOWN WATER DEPARTMENT,2,58,False,False,,,0,10.5,False
MA3107000,GLOUCESTER PUBLIC UTILITY DIVISION,8,232,False,False,,,0,10.5,False
MA3116000,GROVELAND WATER DEPARTMENT,4,116,True,True,6.3,,4,14.8,False
MA3119000,HAMILTON WATER DEPT,5,116,True,True,11.1,11.2,5,28.799999999999997,True
MA3128000,HAVERHILL WATER DEPT,5,116,False,False,,,0,10.5,False
MA3144000,IPSWICH DPU  WATER DEPT,18,348,True,True,7.3,,6,19.1,False
MA3149000,LAWRENCE WATER WORKS,6,116,True,False,,,2,10.5,False
MA3155000,LEXINGTON WATER DEPT.    (MWRA),5,116,False,False,,,0,10.5,False
MA3157000,LINCOLN WATER DEPT,7,203,True,True,6.4,5.4,3,18.3,False
MA3160000,LOWELL REGIONAL WATER UTILITY,4,116,True,True,4.6,,3,13.1,False
MA3163000,LYNN WATER AND SEWER COMM,4,116,True,True,4.7,,5,13.2,False
MA3164000,LYNNFIELD CENTER WATER DISTRICT,6,174,True,True,6.1000000000000005,,4,14.600000000000001,False
MA3164001,LYNNFIELD WATER DIST. (MWRA),3,87,False,False,,,0,10.5,False
MA3165000,MALDEN WATER DIVISION (MWRA),4,116,False,False,,,0,10.5,False
MA3166000,MANCHESTER BY THE SEA DPW,5,145,True,True,12.0,4.8,6,25.8,True
MA3168000,MARBLEHEAD WATER DEPT. (MWRA),4,116,False,False,,,0,10.5,False
MA3176000,MEDFORD WATER DEPT. (MWRA),4,116,False,False,,,0,10.5,False
MA3178000,MELROSE WATER DIVISION (MWRA),4,116,False,False,,,0,10.5,False
MA3180000,MERRIMAC WATER DEPARTMENT,4,116,True,True,6.8999999999999995,,1,15.399999999999999,False
MA3181000,METHUEN WATER DEPT,4,116,True,False,4.0,,3,12.5,False
MA3184000,MIDDLETON WATER DEPT.,4,116,True,True,4.5,,5,17.5,False
MA3189000,MILTON WATER DEPT. (MWRA),4,116,False,False,,,0,10.5,False
MA3196000,NAHANT WATER DEPT. (MWRA),4,116,False,False,,,0,10.5,False
MA3198000,NATICK WATER DEPARTMENT,8,232,True,True,14.3,37.3,6,67.8,True
MA3199000,NEEDHAM WATER DEPT,6,174,True,True,4.6,5.0,2,16.1,False
MA3206000,NEWBURYPORT WATER DEPARTMENT,6,174,True,True,,4.6,2,13.1,False
MA3207000,NEWTON WATER DEPT. (MWRA),4,116,False,False,,,0,10.5,False
MA3210000,NORTH ANDOVER WATER DEPT,5,116,False,False,,,0,10.5,False
MA3213000,NORTH READING WATER DEPT.,5,116,True,False,,,3,10.5,False
MA3229000,PEABODY WATER DEPT.,13,348,True,True,7.0,,5,15.5,False
MA3243000,QUINCY WATER DEPT. (MWRA),4,116,False,False,,,0,10.5,False
MA3246000,READING WATER DEPARTMENT,4,116,False,False,,,0,10.5,False
MA3248000,REVERE WATER DIVISION (MWRA),6,116,True,False,,,1,10.5,False
MA3252000,ROCKPORT WATER DEPT,4,116,False,False,,,0,10.5,False
MA3254000,ROWLEY WATER DEPARTMENT,4,116,True,True,7.7,5.7,7,21.0,True
MA3258000,"SALEM WATER DEPARTMENT, MA",5,116,True,False,,,2,10.5,False
MA3259000,SALISBURY WATER DEPARTMENT,4,58,True,True,6.0,,3,14.5,False
MA3262000,SAUGUS WATER DEPT. (MWRA),4,116,False,False,,,0,10.5,False
MA3274000,SOMERVILLE WATER DEPT. (MWRA),4,116,False,False,,,0,10.5,False
MA3284000,STONEHAM WATER DEPT (MWRA SUPPLY),4,116,False,False,,,0,10.5,False
MA3288000,SUDBURY WATER DISTRICT,10,290,True,True,9.0,,6,19.0,False
MA3291000,SWAMPSCOTT WATER DEPT. (MWRA),4,116,False,False,,,0,10.5,False
MA3295000,TEWKSBURY WATER DEPARTMENT,4,116,True,True,5.0,,3,13.5,False
MA3298000,TOPSFIELD WATER DEPARTMENT,2,58,True,True,9.0,5.4,5,20.9,True
MA3301000,TYNGSBOROUGH WATER DISTRICT,10,232,True,True,4.6,,3,13.1,False
MA3305000,WAKEFIELD WATER DEPT,6,173,True,True,6.8999999999999995,,3,15.399999999999999,False
MA3308000,WALTHAM WATER DEPARTMENT,6,116,False,False,,,0,10.5,False
MA3314000,WATERTOWN WATER DEPT. (MWRA),4,116,False,False,,,0,10.5,False
MA3315000,WAYLAND WATER DEPARTMENT,8,232,True,True,9.0,4.0,6,22.0,True
MA3317000,WELLESLEY WATER DIVISION,10,290,True,True,6.3,6.6,6,19.3,False
MA3320000,WENHAM WATER DEPT.,2,58,True,True,7.2,6.4,5,20.1,True
MA3324000,WEST NEWBURY WATER DEPARTMENT,5,116,False,False,,,0,10.5,False
MA3330000,WESTFORD WATER DEPARTMENT,8,207,True,True,8.6,4.4,5,19.5,False
MA3330019,HAYSTACK ESTATES,2,58,True,True,5.6,,4,14.1,False
MA3333000,WESTON WATER DEPT.,4,116,False,False,,,0,10.5,False
MA3342000,WILMINGTON WATER DEPT,12,290,True,False,,,2,10.5,False
MA3344000,WINCHESTER WATER DEPT,8,232,False,False,,,0,10.5,False
MA3346000,"WINTHROP WATER DIVISION, (MWRA)",5,116,False,False,,,0,10.5,False
MA3347000,WOBURN WATER DEPT.,6,174,True,True,8.4,6.8999999999999995,6,21.8,True
MA4001000,ABINGTON/ROCKLAND JOINT WTR. WORKS,14,290,True,True,12.0,7.0,8,34.5,True
MA4003000,ACUSHNET WATER DEPARTMENT,4,116,False,False,,,0,10.5,False
MA4016000,ATTLEBORO WATER DEPT,9,203,True,True,6.6,12.0,5,25.1,True
MA4018000,TOWN OF AVON,4,116,True,True,5.1000000000000005,6.0,2,17.6,False
MA4020000,BARNSTABLE FIRE DISTRICT,7,174,True,True,4.4,7.1000000000000005,6,15.3,False
MA4020002,CENTERVILLE OSTERVILLE MARSTONS MILLS WD,30,870,True,True,4.8999999999999995,,5,13.399999999999999,False
MA4020003,COTUIT FIRE DISTRICT  WATER DEPARTMENT,10,290,False,False,,,0,10.5,False
MA4020004,"HYANNIS WATER SYSTEM, TOWN OF BARNSTABLE",6,174,True,False,,,3,10.5,False
MA4036000,BOURNE WATER DISTRICT,13,377,True,True,,4.8,3,19.4,False
MA4036001,BUZZARDS BAY WATER DISTRICT,10,290,False,False,,,0,21.0,True
MA4036002,NORTH SAGAMORE WATER DISTRICT,4,116,True,False,,,2,10.5,False
MA4040000,BRAINTREE WATER AND SEWER DEPT.,5,116,True,True,5.3,8.5,5,20.3,True
MA4041000,BREWSTER WATER DEPARTMENT,10,290,False,False,,,0,10.5,False
MA4042000,BRIDGEWATER WATER DEPARTMENT,6,174,True,True,9.0,7.0,7,24.0,True
MA4044000,BROCKTON WATER DEPARTMENT,4,116,False,False,,,0,10.5,False
MA4050000,CANTON WATER DEPT,8,232,True,True,5.0,,4,13.5,False
MA4055000,CHATHAM WATER DEPARTMENT,10,290,False,False,,,0,10.5,False
MA4065000,COHASSET WATER DEPT,3,87,True,True,6.7,4.5,5,17.7,False
MA4072000,DARTMOUTH WATER DIVISION,10,290,True,True,4.2,50.6,7,59.1,True
MA4075000,DENNIS WATER DISTRICT,18,522,True,False,,,2,10.5,False
MA4076000,DIGHTON WATER DISTRICT,4,116,True,True,5.5,4.1000000000000005,4,16.1,False
MA4076004,INIMA USA / AQUARIA LLC,4,116,False,False,,,0,10.5,False
MA4082000,DUXBURY WATER DEPARTMENT,19,464,True,True,7.5,35.0,10,87.0,True
MA4083000,East Bridgewater Water Dept.,7,116,True,True,5.1000000000000005,,3,13.600000000000001,False
MA4086095,TOWN OF EASTHAM,4,116,False,False,,,0,10.5,False
MA4088000,EASTON WATER DIV,8,203,True,True,9.9,16.299999999999997,6,36.9,True
MA4089000,EDGARTOWN WATER DEPARTMENT,11,290,False,False,,,0,10.5,False
MA4094000,FAIRHAVEN WATER DEPT,1,29,False,False,,,0,10.5,False
MA4095000,FALL RIVER WATER DEPARTMENT,5,116,False,False,,,0,10.5,False
MA4096000,FALMOUTH WATER DEPT,18,294,False,False,,,0,10.5,False
MA4096001,OTIS AIR NATIONAL GUARD BASE,2,58,False,False,,,0,10.5,False
MA4099000,FOXBORO WATER DEPARTMENT,6,174,True,True,6.3,6.7,5,19.5,False
MA4118000,HALIFAX WATER DEPARTMENT,6,174,True,True,5.7,,4,16.4,False
MA4122000,"HANOVER WATER DEPT, MA",6,174,True,True,8.9,11.4,7,28.8,True
MA4123000,HANSON WATER DEPARTMENT,2,58,True,True,5.6,4.0,2,16.1,False
MA4126000,HARWICH WATER DEPARTMENT,15,290,False,False,,,0,10.5,False
MA4131000,WEIR RIVER WATER SYSTEM,10,232,True,True,6.4,,5,14.9,False
MA4133000,HOLBROOK PUBLIC WORKS DEPT,5,116,True,True,7.0,11.9,7,25.0,True
MA4145000,KINGSTON WATER DEPARTMENT,5,145,False,False,,,0,10.5,False
MA4167000,MANSFIELD WATER DIVISION,6,174,True,True,4.3,6.2,4,18.6,False
MA4169000,MARION WATER DIVISION,2,58,False,False,,,0,10.5,False
MA4171000,MARSHFIELD WATER DEPARTMENT,44,903,True,True,7.0,4.6,7,17.2,False
MA4172039,MASHPEE WATER DISTRICT,12,348,True,False,,,1,10.5,False
MA4173000,MATTAPOISETT WATER DEPARTMENT,2,58,False,False,,,0,10.5,False
MA4173001,MATTAPOISETT RIVER VALLEY W.D.,3,87,False,False,,,0,10.5,False
MA4182000,MIDDLEBOROUGH WATER SUPPLY,20,580,True,True,11.0,5.0,8,25.5,True
MA4197000,WANNACOMET WATER COMPANY,4,87,False,False,,,0,10.5,False
MA4201000,CITY OF NEW BEDFORD DPI,5,116,True,False,,,1,10.5,False
MA4211000,NORTH ATTLEBORO WATER DEPT,8,232,True,True,9.0,8.0,8,27.0,True
MA4218000,NORTON WATER DEPARTMENT,6,174,True,True,8.8,4.0,7,23.6,True
MA4219000,NORWELL WATER DEPARTMENT,6,174,True,True,9.9,18.4,7,37.0,True
MA4220000,NORWOOD WATER DEPT. (MWRA),4,116,False,False,,,0,10.5,False
MA4221000,OAK BLUFFS WATER DISTRICT,10,290,True,False,,,2,10.5,False
MA4224000,ORLEANS WATER DEPARTMENT,4,116,False,False,,,0,10.5,False
MA4231000,PEMBROKE WATER DIVISION DPW,8,174,True,False,,,2,10.5,False
MA4238000,PLAINVILLE WATER DEPARTMENT,10,232,True,True,4.3,5.8999999999999995,4,16.7,False
MA4239000,"PLYMOUTH WATER DEPARTMENT, MA",27,638,True,False,,,2,10.5,False
MA4239055,"PINEHILLS WATER COMPANY, INC.",2,58,True,False,,,1,10.5,False
MA4242000,PROVINCETOWN WATER DEPARTMENT,4,116,False,False,,,0,10.5,False
MA4244000,RANDOLPH WATER DEPARTMENT,5,116,True,True,7.3,13.0,6,26.3,True
MA4245000,RAYNHAM CENTER WATER DISTRICT,6,174,True,True,92.0,,7,128.4,True
MA4245002,NORTH RAYNHAM WATER DISTRICT,4,116,True,False,,,1,10.5,False
MA4261000,SANDWICH WATER DISTRICT,23,580,False,False,,,0,21.0,True
MA4261024,UPPER CAPE REGIONAL WATER COOPERATIVE,6,145,False,False,,,0,10.5,False
MA4264000,SCITUATE WATER DIVISION,11,290,True,True,5.6,5.7,4,17.7,False
MA4265000,SEEKONK WATER DISTRICT,2,58,True,True,,5.0,1,13.5,False
MA4266000,SHARON WATER DEPT,12,348,True,True,8.1,15.0,6,57.1,True
MA4273000,SOMERSET WATER DEPARTMENT,4,116,False,False,,,0,10.5,False
MA4285000,STOUGHTON WATER DEPARTMENT,6,149,True,True,7.3,6.3,5,18.7,False
MA4292000,SWANSEA WATER DISTRICT,14,348,True,True,5.1000000000000005,,6,16.7,False
MA4293000,TAUNTON WATER DIVISION,5,116,False,False,,,0,10.5,False
MA4296000,TISBURY WATER WORKS,6,174,False,False,,,0,10.5,False
MA4307000,WALPOLE WATER DEPT,5,116,True,False,4.0,4.0,6,16.0,False
MA4310000,WAREHAM FIRE DISTRICT,4,116,False,False,,,0,10.5,False
MA4310003,ONSET FIRE DISTRICT,4,116,True,True,,7.1000000000000005,1,15.600000000000001,False
MA4322000,WEST BRIDGEWATER WATER DEPT,8,232,True,True,5.5,,5,14.0,False
MA4336000,WEYMOUTH WATER DEPARTMENT,6,174,True,False,,,1,10.5,False
MA4338000,WHITMAN WATER SYSTEM,4,116,True,False,,,4,10.5,False
MA4350000,WRENTHAM WATER DIVISION,6,174,True,True,5.7,4.4,5,16.6,False
MA4351000,YARMOUTH WATER DEPARTMENT,31,870,True,False,,,5,16.7,False
